{
  "variants": {
    "candles=1,lit=false": { "model": "minecraft:block/black_candle_one_candle" },
    "candles=1,lit=true": { "model": "minecraft:block/black_candle_one_candle_lit" },
    "candles=2,lit=false": [ { "model": "minecraft:block/black_candle_two_candles" },
    { "model": "minecraft:block/black_candle_two_candles", "y":90 },
    { "model": "minecraft:block/black_candle_two_candles", "y":180 },
    { "model": "minecraft:block/black_candle_two_candles", "y":270 } ],
    "candles=2,lit=true": [ { "model": "minecraft:block/black_candle_two_candles_lit" },
    { "model": "minecraft:block/black_candle_two_candles_lit", "y":90 },
    { "model": "minecraft:block/black_candle_two_candles_lit", "y":180 },
    { "model": "minecraft:block/black_candle_two_candles_lit", "y":270 } ],
    "candles=3,lit=false": [ { "model": "minecraft:block/black_candle_three_candles" },
    { "model": "minecraft:block/black_candle_three_candles", "y":90 },
    { "model": "minecraft:block/black_candle_three_candles", "y":180 },
    { "model": "minecraft:block/black_candle_three_candles", "y":270 } ],
    "candles=3,lit=true": [ { "model": "minecraft:block/black_candle_three_candles_lit" },
    { "model": "minecraft:block/black_candle_three_candles_lit", "y":90 },
    { "model": "minecraft:block/black_candle_three_candles_lit", "y":180 },
    { "model": "minecraft:block/black_candle_three_candles_lit", "y":270 } ],
    "candles=4,lit=false": [ { "model": "minecraft:block/black_candle_four_candles" },
    { "model": "minecraft:block/black_candle_four_candles", "y":90 },
    { "model": "minecraft:block/black_candle_four_candles", "y":180 },
    { "model": "minecraft:block/black_candle_four_candles", "y":270 } ],
    "candles=4,lit=true": [ { "model": "minecraft:block/black_candle_four_candles_lit" },
    { "model": "minecraft:block/black_candle_four_candles_lit", "y":90 },
    { "model": "minecraft:block/black_candle_four_candles_lit", "y":180 },
    { "model": "minecraft:block/black_candle_four_candles_lit", "y":270 } ]
  }
}