{
  "variants": {
    "": [ { "model": "minecraft:block/fire_coral", "weight": 4 },
    { "model": "minecraft:block/fire_coral/fire_coral1", "weight": 4 },
    { "model": "minecraft:block/fire_coral/fire_coral2", "weight": 2 },
    { "model": "minecraft:block/fire_coral/fire_coral3", "weight": 1 },
    { "model": "minecraft:block/fire_coral/fire_coral4", "weight": 4 },
    { "model": "minecraft:block/fire_coral/fire_coral5", "weight": 4 },
    { "model": "minecraft:block/fire_coral/fire_coral6", "weight": 2 },
    { "model": "minecraft:block/fire_coral/fire_coral7", "weight": 1 },
    { "model": "minecraft:block/fire_coral/fire_coral8", "weight": 4 },
    { "model": "minecraft:block/fire_coral/fire_coral9", "weight": 4 },
    { "model": "minecraft:block/fire_coral/fire_coral10", "weight": 2 },
    { "model": "minecraft:block/fire_coral/fire_coral11", "weight": 1 },
    { "model": "minecraft:block/fire_coral/fire_coral12", "weight": 4 },
    { "model": "minecraft:block/fire_coral/fire_coral13", "weight": 4 },
    { "model": "minecraft:block/fire_coral/fire_coral14", "weight": 2 },
    { "model": "minecraft:block/fire_coral/fire_coral15", "weight": 1 },
    { "model": "minecraft:block/fire_coral/fire_coral16", "weight": 4 },
    { "model": "minecraft:block/fire_coral/fire_coral17", "weight": 4 },
    { "model": "minecraft:block/fire_coral/fire_coral18", "weight": 2 },
    { "model": "minecraft:block/fire_coral/fire_coral19", "weight": 1 },
    { "model": "minecraft:block/fire_coral/fire_coral20", "weight": 4 },
    { "model": "minecraft:block/fire_coral/fire_coral21", "weight": 4 },
    { "model": "minecraft:block/fire_coral/fire_coral22", "weight": 2 },
    { "model": "minecraft:block/fire_coral/fire_coral23", "weight": 1 } ]
  }
}