{
  "variants": {
    "": [ { "model": "minecraft:block/red_tulip/red_tulip" },
    { "model": "minecraft:block/red_tulip/red_tulip1" },
    { "model": "minecraft:block/red_tulip/red_tulip2" },
    { "model": "minecraft:block/red_tulip/red_tulip3" },
    { "model": "minecraft:block/red_tulip/red_tulip1", "y":90 },
    { "model": "minecraft:block/red_tulip/red_tulip2", "y":90 },
    { "model": "minecraft:block/red_tulip/red_tulip3", "y":90 },
    { "model": "minecraft:block/red_tulip/red_tulip1", "y":180 },
    { "model": "minecraft:block/red_tulip/red_tulip2", "y":180 },
    { "model": "minecraft:block/red_tulip/red_tulip3", "y":180 },
    { "model": "minecraft:block/red_tulip/red_tulip1", "y":270 },
    { "model": "minecraft:block/red_tulip/red_tulip2", "y":270 },
    { "model": "minecraft:block/red_tulip/red_tulip3", "y":270 } ]
  }
}