{
  "variants": {
    "lit=false": [ { "model": "minecraft:block/redstone_ore_unlit" },
    { "model": "minecraft:block/redstone_ore/redstone_ore1_unlit" },
    { "model": "minecraft:block/redstone_ore/redstone_ore2_unlit" },
    { "model": "minecraft:block/redstone_ore/redstone_ore3_unlit" } ],
    "lit=true": [ { "model": "minecraft:block/redstone_ore" },
    { "model": "minecraft:block/redstone_ore/redstone_ore1" },
    { "model": "minecraft:block/redstone_ore/redstone_ore2" },
    { "model": "minecraft:block/redstone_ore/redstone_ore3" } ]
  }
}