{
  "variants": {
    "": [ { "model": "minecraft:block/sculk", "weight": 100 },
      { "model": "minecraft:block/sculk", "y": 90, "weight": 100 },
      { "model": "minecraft:block/sculk", "y": 180, "weight": 100 },
      { "model": "minecraft:block/sculk", "y": 270, "weight": 100 },
      { "model": "minecraft:block/sculk/sculk1", "weight": 1 },
      { "model": "minecraft:block/sculk/sculk1", "y": 90, "weight": 1 },
      { "model": "minecraft:block/sculk/sculk1", "y": 180, "weight": 1 },
      { "model": "minecraft:block/sculk/sculk1", "y": 270, "weight": 1 },
      { "model": "minecraft:block/sculk/sculk2", "weight": 1 },
      { "model": "minecraft:block/sculk/sculk2", "y": 90, "weight": 1 },
      { "model": "minecraft:block/sculk/sculk2", "y": 180, "weight": 1 },
      { "model": "minecraft:block/sculk/sculk2", "y": 270, "weight": 1 },
      { "model": "minecraft:block/sculk/sculk3", "weight": 1 },
      { "model": "minecraft:block/sculk/sculk3", "y": 90, "weight": 1 },
      { "model": "minecraft:block/sculk/sculk3", "y": 180, "weight": 1 },
      { "model": "minecraft:block/sculk/sculk3", "y": 270, "weight": 1 },
      { "model": "minecraft:block/sculk/sculk4", "weight": 1 },
      { "model": "minecraft:block/sculk/sculk4", "y": 90, "weight": 1 },
      { "model": "minecraft:block/sculk/sculk4", "y": 180, "weight": 1 },
      { "model": "minecraft:block/sculk/sculk4", "y": 270, "weight": 1 },
      { "model": "minecraft:block/sculk/sculk5", "weight": 1 },
      { "model": "minecraft:block/sculk/sculk5", "y": 90, "weight": 1 },
      { "model": "minecraft:block/sculk/sculk5", "y": 180, "weight": 1 },
      { "model": "minecraft:block/sculk/sculk5", "y": 270, "weight": 1 },
      { "model": "minecraft:block/sculk/sculk6", "weight": 1 },
      { "model": "minecraft:block/sculk/sculk6", "y": 90, "weight": 1 },
      { "model": "minecraft:block/sculk/sculk6", "y": 180, "weight": 1 },
      { "model": "minecraft:block/sculk/sculk6", "y": 270, "weight": 1 },
      { "model": "minecraft:block/sculk/sculk7", "weight": 1 },
      { "model": "minecraft:block/sculk/sculk7", "y": 90, "weight": 1 },
      { "model": "minecraft:block/sculk/sculk7", "y": 180, "weight": 1 },
      { "model": "minecraft:block/sculk/sculk7", "y": 270, "weight": 1 },
      { "model": "minecraft:block/sculk/sculk8", "weight": 1 },
      { "model": "minecraft:block/sculk/sculk8", "y": 90, "weight": 1 },
      { "model": "minecraft:block/sculk/sculk8", "y": 180, "weight": 1 },
      { "model": "minecraft:block/sculk/sculk8", "y": 270, "weight": 1 },
      { "model": "minecraft:block/sculk/sculk9", "weight": 1 },
      { "model": "minecraft:block/sculk/sculk9", "y": 90, "weight": 1 },
      { "model": "minecraft:block/sculk/sculk9", "y": 180, "weight": 1 },
      { "model": "minecraft:block/sculk/sculk9", "y": 270, "weight": 1 },
      { "model": "minecraft:block/sculk/sculk10", "weight": 1 },
      { "model": "minecraft:block/sculk/sculk10", "y": 90, "weight": 1 },
      { "model": "minecraft:block/sculk/sculk10", "y": 180, "weight": 1 },
      { "model": "minecraft:block/sculk/sculk10", "y": 270, "weight": 1 },
      { "model": "minecraft:block/sculk/sculk11", "weight": 1 },
      { "model": "minecraft:block/sculk/sculk11", "y": 90, "weight": 1 },
      { "model": "minecraft:block/sculk/sculk11", "y": 180, "weight": 1 },
      { "model": "minecraft:block/sculk/sculk11", "y": 270, "weight": 1 },
      { "model": "minecraft:block/sculk/sculk12", "weight": 1 },
      { "model": "minecraft:block/sculk/sculk12", "y": 90, "weight": 1 },
      { "model": "minecraft:block/sculk/sculk12", "y": 180, "weight": 1 },
      { "model": "minecraft:block/sculk/sculk12", "y": 270, "weight": 1 },
      { "model": "minecraft:block/sculk/sculk13", "weight": 2 },
      { "model": "minecraft:block/sculk/sculk13", "y": 90, "weight": 2 },
      { "model": "minecraft:block/sculk/sculk13", "y": 180, "weight": 2 },
      { "model": "minecraft:block/sculk/sculk13", "y": 270, "weight": 2 },
      { "model": "minecraft:block/sculk/sculk14", "weight": 2 },
      { "model": "minecraft:block/sculk/sculk14", "y": 90, "weight": 2 },
      { "model": "minecraft:block/sculk/sculk14", "y": 180, "weight": 2 },
      { "model": "minecraft:block/sculk/sculk14", "y": 270, "weight": 2 },
      { "model": "minecraft:block/sculk/sculk15", "weight": 2 },
      { "model": "minecraft:block/sculk/sculk15", "y": 90, "weight": 2 },
      { "model": "minecraft:block/sculk/sculk15", "y": 180, "weight": 2 },
      { "model": "minecraft:block/sculk/sculk15", "y": 270, "weight": 2 },
      { "model": "minecraft:block/sculk/sculk16", "weight": 2 },
      { "model": "minecraft:block/sculk/sculk16", "y": 90, "weight": 2 },
      { "model": "minecraft:block/sculk/sculk16", "y": 180, "weight": 2 },
      { "model": "minecraft:block/sculk/sculk16", "y": 270, "weight": 2 },
      { "model": "minecraft:block/sculk/sculk17", "weight": 2 },
      { "model": "minecraft:block/sculk/sculk17", "y": 90, "weight": 2 },
      { "model": "minecraft:block/sculk/sculk17", "y": 180, "weight": 2 },
      { "model": "minecraft:block/sculk/sculk17", "y": 270, "weight": 2 },
      { "model": "minecraft:block/sculk/sculk18", "weight": 2 },
      { "model": "minecraft:block/sculk/sculk18", "y": 90, "weight": 2 },
      { "model": "minecraft:block/sculk/sculk18", "y": 180, "weight": 2 },
      { "model": "minecraft:block/sculk/sculk18", "y": 270, "weight": 2 },
      { "model": "minecraft:block/sculk/sculk19", "weight": 2 },
      { "model": "minecraft:block/sculk/sculk19", "y": 90, "weight": 2 },
      { "model": "minecraft:block/sculk/sculk19", "y": 180, "weight": 2 },
      { "model": "minecraft:block/sculk/sculk19", "y": 270, "weight": 2 },
      { "model": "minecraft:block/sculk/sculk20", "weight": 2 },
      { "model": "minecraft:block/sculk/sculk20", "y": 90, "weight": 2 },
      { "model": "minecraft:block/sculk/sculk20", "y": 180, "weight": 2 },
      { "model": "minecraft:block/sculk/sculk20", "y": 270, "weight": 2 },
      { "model": "minecraft:block/sculk/sculk21", "weight": 2 },
      { "model": "minecraft:block/sculk/sculk21", "y": 90, "weight": 2 },
      { "model": "minecraft:block/sculk/sculk21", "y": 180, "weight": 2 },
      { "model": "minecraft:block/sculk/sculk21", "y": 270, "weight": 2 },
      { "model": "minecraft:block/sculk/sculk22", "weight": 2 },
      { "model": "minecraft:block/sculk/sculk22", "y": 90, "weight": 2 },
      { "model": "minecraft:block/sculk/sculk22", "y": 180, "weight": 2 },
      { "model": "minecraft:block/sculk/sculk22", "y": 270, "weight": 2 },
      { "model": "minecraft:block/sculk/sculk23", "weight": 2 },
      { "model": "minecraft:block/sculk/sculk23", "y": 90, "weight": 2 },
      { "model": "minecraft:block/sculk/sculk23", "y": 180, "weight": 2 },
      { "model": "minecraft:block/sculk/sculk23", "y": 270, "weight": 2 },
      { "model": "minecraft:block/sculk/sculk24", "weight": 2 },
      { "model": "minecraft:block/sculk/sculk24", "y": 90, "weight": 2 },
      { "model": "minecraft:block/sculk/sculk24", "y": 180, "weight": 2 },
      { "model": "minecraft:block/sculk/sculk24", "y": 270, "weight": 2 } ]
  }
}