{
  "variants": {
    "": [ { "model": "minecraft:block/cactus", "weight": 5 },
    { "model": "minecraft:block/cactus/cactus1", "weight": 3 },
    { "model": "minecraft:block/cactus/cactus2", "weight": 2 },
    { "model": "minecraft:block/cactus/cactus2", "y": 90, "weight": 2 },
    { "model": "minecraft:block/cactus/cactus2", "y": 180, "weight": 2 },
    { "model": "minecraft:block/cactus/cactus2", "y": 270, "weight": 2 },
    { "model": "minecraft:block/cactus/cactus3", "weight": 2 },
    { "model": "minecraft:block/cactus/cactus3", "y": 90, "weight": 2 },
    { "model": "minecraft:block/cactus/cactus3", "y": 180, "weight": 2 },
    { "model": "minecraft:block/cactus/cactus3", "y": 270, "weight": 2 },
    { "model": "minecraft:block/cactus/cactus4", "weight": 2 },
    { "model": "minecraft:block/cactus/cactus4", "y": 90, "weight": 2 },
    { "model": "minecraft:block/cactus/cactus4", "y": 180, "weight": 2 },
    { "model": "minecraft:block/cactus/cactus4", "y": 270, "weight": 2 },
    { "model": "minecraft:block/cactus/cactus5", "weight": 1 },
    { "model": "minecraft:block/cactus/cactus5", "y": 90, "weight": 1 },
    { "model": "minecraft:block/cactus/cactus5", "y": 180, "weight": 1 },
    { "model": "minecraft:block/cactus/cactus5", "y": 270, "weight": 1 },
    { "model": "minecraft:block/cactus/cactus6", "weight": 1 },
    { "model": "minecraft:block/cactus/cactus6", "y": 90, "weight": 1 },
    { "model": "minecraft:block/cactus/cactus6", "y": 180, "weight": 1 },
    { "model": "minecraft:block/cactus/cactus6", "y": 270, "weight": 1 },
    { "model": "minecraft:block/cactus/cactus7", "weight": 1 },
    { "model": "minecraft:block/cactus/cactus7", "y": 90, "weight": 1 },
    { "model": "minecraft:block/cactus/cactus7", "y": 180, "weight": 1 },
    { "model": "minecraft:block/cactus/cactus7", "y": 270, "weight": 1 } ]
  }
}