{
  "variants": {
    "": [ { "model": "minecraft:block/nether_sprouts" },
    { "model": "minecraft:block/nether_sprouts/nether_sprouts1" },
    { "model": "minecraft:block/nether_sprouts/nether_sprouts2" },
    { "model": "minecraft:block/nether_sprouts/nether_sprouts3" },
    { "model": "minecraft:block/nether_sprouts/nether_sprouts4" },
    { "model": "minecraft:block/nether_sprouts/nether_sprouts5" },
    { "model": "minecraft:block/nether_sprouts/nether_sprouts6" },
    { "model": "minecraft:block/nether_sprouts/nether_sprouts7" },
    { "model": "minecraft:block/nether_sprouts/nether_sprouts8" },
    { "model": "minecraft:block/nether_sprouts/nether_sprouts9" },
    { "model": "minecraft:block/nether_sprouts/nether_sprouts10" },
    { "model": "minecraft:block/nether_sprouts/nether_sprouts11" } ]
  }
}