{
	"credit": "Made with Blockbench",
	"ambientocclusion": false,
	"textures": {
		"0": "block/acacia_door_bottom",
		"1": "block/acacia_door_side",
		"particle": "block/acacia_door_bottom"
	},
	"elements": [
		{
			"from": [0, 0, 0],
			"to": [3, 3, 16],
			"faces": {
				"north": {"uv": [3, 13, 6, 16], "texture": "#1"},
				"east": {"uv": [16, 13, 0, 16], "texture": "#0"},
				"south": {"uv": [9, 13, 12, 16], "texture": "#1"},
				"west": {"uv": [0, 13, 16, 16], "texture": "#0"},
				"up": {"uv": [0, 0, 3, 16], "texture": "#1"},
				"down": {"uv": [0, 0, 3, 16], "texture": "#1"}
			}
		},
		{
			"from": [0, 3, 0],
			"to": [3, 16, 3],
			"faces": {
				"north": {"uv": [3, 0, 6, 13], "texture": "#1"},
				"east": {"uv": [3, 0, 0, 13], "texture": "#0"},
				"south": {"uv": [13, 0, 16, 13], "texture": "#0"},
				"west": {"uv": [0, 0, 3, 13], "texture": "#0"}
			}
		},
		{
			"from": [0, 3, 13],
			"to": [3, 16, 16],
			"faces": {
				"north": {"uv": [0, 0, 3, 13], "texture": "#1"},
				"east": {"uv": [16, 0, 13, 13], "texture": "#0"},
				"south": {"uv": [9, 0, 12, 13], "texture": "#1"},
				"west": {"uv": [13, 0, 16, 13], "texture": "#0"}
			}
		},
		{
			"from": [0.5, 3, 5],
			"to": [2.5, 15, 7],
			"faces": {
				"north": {"uv": [9, 1, 11, 13], "texture": "#0"},
				"east": {"uv": [7, 1, 5, 13], "texture": "#0"},
				"south": {"uv": [9, 1, 11, 13], "texture": "#0"},
				"west": {"uv": [5, 1, 7, 13], "texture": "#0"}
			}
		},
		{
			"from": [0.5, 3, 9],
			"to": [2.5, 15, 11],
			"faces": {
				"north": {"uv": [5, 1, 7, 13], "texture": "#0"},
				"east": {"uv": [11, 1, 9, 13], "texture": "#0"},
				"south": {"uv": [5, 1, 7, 13], "texture": "#0"},
				"west": {"uv": [9, 1, 11, 13], "texture": "#0"}
			}
		},
		{
			"from": [0, 15, 3],
			"to": [3, 16, 13],
			"faces": {
				"east": {"uv": [13, 0, 3, 1], "texture": "#0"},
				"west": {"uv": [3, 0, 13, 1], "texture": "#0"},
				"down": {"uv": [0, 3, 3, 13], "texture": "#1"}
			}
		}
	]
}