{
	"credit": "Made with Blockbench",
	"ambientocclusion": false,
	"textures": {
		"0": "block/acacia_door_top",
		"1": "block/acacia_door_side",
		"particle": "block/acacia_door_top"
	},
	"elements": [
		{
			"from": [0, 0, 0],
			"to": [3, 1, 16],
			"faces": {
				"north": {"uv": [6, 15, 9, 16], "texture": "#1"},
				"east": {"uv": [16, 15, 0, 16], "texture": "#0"},
				"south": {"uv": [12, 15, 15, 16], "texture": "#1"},
				"west": {"uv": [0, 15, 16, 16], "texture": "#0"},
				"up": {"uv": [0, 0, 3, 16], "texture": "#1"}
			}
		},
		{
			"from": [0, 1, 13],
			"to": [3, 13, 16],
			"faces": {
				"north": {"uv": [0, 3, 3, 15], "texture": "#1"},
				"east": {"uv": [16, 3, 13, 15], "texture": "#0"},
				"south": {"uv": [12, 3, 15, 15], "texture": "#1"},
				"west": {"uv": [13, 3, 16, 15], "texture": "#0"}
			}
		},
		{
			"from": [0, 1, 0],
			"to": [3, 13, 3],
			"faces": {
				"north": {"uv": [6, 3, 9, 15], "texture": "#1"},
				"east": {"uv": [3, 3, 0, 15], "texture": "#0"},
				"south": {"uv": [12, 3, 15, 15], "texture": "#1"},
				"west": {"uv": [0, 3, 3, 15], "texture": "#0"}
			}
		},
		{
			"from": [0.5, 1, 9],
			"to": [2.5, 13, 11],
			"faces": {
				"north": {"uv": [5, 3, 7, 15], "texture": "#0"},
				"east": {"uv": [11, 3, 9, 15], "texture": "#0"},
				"south": {"uv": [9, 3, 11, 15], "texture": "#0"},
				"west": {"uv": [9, 3, 11, 15], "texture": "#0"}
			}
		},
		{
			"from": [0.5, 1, 5],
			"to": [2.5, 13, 7],
			"faces": {
				"north": {"uv": [5, 3, 7, 15], "texture": "#0"},
				"east": {"uv": [7, 3, 5, 15], "texture": "#0"},
				"south": {"uv": [9, 3, 11, 15], "texture": "#0"},
				"west": {"uv": [5, 3, 7, 15], "texture": "#0"}
			}
		},
		{
			"from": [0, 13, 0],
			"to": [3, 16, 16],
			"faces": {
				"north": {"uv": [6, 0, 9, 3], "texture": "#1"},
				"east": {"uv": [16, 0, 0, 3], "texture": "#0"},
				"south": {"uv": [12, 0, 15, 3], "texture": "#1"},
				"west": {"uv": [0, 0, 16, 3], "texture": "#0"},
				"up": {"uv": [0, 0, 3, 16], "texture": "#1"},
				"down": {"uv": [0, 0, 3, 16], "texture": "#1"}
			}
		}
	]
}