{
	"credit": "Made with Blockbench",
	"textures": {
		"1": "block/acacia_trapdoor_side",
		"particle": "block/acacia_trapdoor",
		"texture": "block/acacia_trapdoor"
	},
	"elements": [
		{
			"from": [0, 13, 0],
			"to": [16, 16, 3],
			"faces": {
				"north": {"uv": [0, 0, 16, 3], "texture": "#1"},
				"east": {"uv": [13, 0, 16, 3], "texture": "#1"},
				"south": {"uv": [0, 0, 16, 3], "texture": "#1"},
				"west": {"uv": [0, 0, 3, 3], "texture": "#1"},
				"up": {"uv": [0, 16, 16, 13], "texture": "#texture"},
				"down": {"uv": [0, 13, 16, 16], "texture": "#texture"}
			}
		},
		{
			"from": [0, 13, 3],
			"to": [2, 16, 13],
			"faces": {
				"east": {"uv": [3, 0, 13, 3], "texture": "#1"},
				"west": {"uv": [3, 0, 13, 3], "texture": "#1"},
				"up": {"uv": [0, 3, 2, 13], "texture": "#texture"},
				"down": {"uv": [0, 3, 2, 13], "texture": "#texture"}
			}
		},
		{
			"from": [14, 13, 3],
			"to": [16, 16, 13],
			"faces": {
				"east": {"uv": [3, 0, 13, 3], "texture": "#1"},
				"west": {"uv": [3, 0, 13, 3], "texture": "#1"},
				"up": {"uv": [14, 3, 16, 13], "texture": "#texture"},
				"down": {"uv": [14, 3, 16, 13], "texture": "#texture"}
			}
		},
		{
			"from": [4, 13, 3],
			"to": [7, 16, 13],
			"faces": {
				"east": {"uv": [3, 0, 13, 3], "texture": "#1"},
				"west": {"uv": [3, 0, 13, 3], "texture": "#1"},
				"up": {"uv": [4, 3, 7, 13], "texture": "#texture"},
				"down": {"uv": [4, 3, 7, 13], "texture": "#texture"}
			}
		},
		{
			"from": [9, 13, 3],
			"to": [12, 16, 13],
			"faces": {
				"east": {"uv": [3, 0, 13, 3], "texture": "#1"},
				"west": {"uv": [3, 0, 13, 3], "texture": "#1"},
				"up": {"uv": [9, 3, 12, 13], "texture": "#texture"},
				"down": {"uv": [9, 3, 12, 13], "texture": "#texture"}
			}
		},
		{
			"from": [0, 13, 13],
			"to": [16, 16, 16],
			"faces": {
				"north": {"uv": [0, 0, 16, 3], "texture": "#1"},
				"east": {"uv": [0, 0, 3, 3], "texture": "#1"},
				"south": {"uv": [0, 0, 16, 3], "texture": "#1"},
				"west": {"uv": [13, 0, 16, 3], "texture": "#1"},
				"up": {"uv": [0, 3, 16, 0], "texture": "#texture"},
				"down": {"uv": [0, 0, 16, 3], "texture": "#texture"}
			}
		}
	]
}