{
	"credit": "Made with Blockbench",
	"textures": {
		"0": "block/amethyst_cluster",
		"particle": "block/amethyst_cluster"
	},
	"elements": [
		{
			"from": [5, 0, 5],
			"to": [11, 14, 11],
			"faces": {
				"north": {"uv": [0, 0, 6, 14], "texture": "#0"},
				"east": {"uv": [0, 0, 6, 14], "texture": "#0"},
				"south": {"uv": [0, 0, 6, 14], "texture": "#0"},
				"west": {"uv": [0, 0, 6, 14], "texture": "#0"},
				"up": {"uv": [6, 0, 12, 6], "texture": "#0"},
				"down": {"uv": [6, 0, 12, 6], "texture": "#0"}
			}
		},
		{
			"from": [3, 0, 6],
			"to": [7, 9, 10],
			"rotation": {"angle": 22.5, "axis": "z", "origin": [6, 0, 6]},
			"faces": {
				"north": {"uv": [12, 4, 16, 13], "texture": "#0"},
				"east": {"uv": [12, 4, 16, 13], "texture": "#0"},
				"south": {"uv": [12, 4, 16, 13], "texture": "#0"},
				"west": {"uv": [12, 4, 16, 13], "texture": "#0"},
				"up": {"uv": [12, 0, 16, 4], "texture": "#0"},
				"down": {"uv": [12, 0, 16, 4], "texture": "#0"}
			}
		},
		{
			"from": [8, 1, 6],
			"to": [12, 11, 10],
			"rotation": {"angle": -22.5, "axis": "z", "origin": [6, 0, 6]},
			"faces": {
				"north": {"uv": [12, 4, 16, 14], "texture": "#0"},
				"east": {"uv": [12, 4, 16, 14], "texture": "#0"},
				"south": {"uv": [12, 4, 16, 14], "texture": "#0"},
				"west": {"uv": [12, 4, 16, 14], "texture": "#0"},
				"up": {"uv": [12, 0, 16, 4], "texture": "#0"},
				"down": {"uv": [12, 0, 16, 4], "texture": "#0"}
			}
		},
		{
			"from": [6, 0, 4],
			"to": [10, 10, 8],
			"rotation": {"angle": -22.5, "axis": "x", "origin": [6, 0, 6]},
			"faces": {
				"north": {"uv": [12, 4, 16, 14], "texture": "#0"},
				"east": {"uv": [12, 4, 16, 14], "texture": "#0"},
				"south": {"uv": [12, 4, 16, 14], "texture": "#0"},
				"west": {"uv": [12, 4, 16, 14], "texture": "#0"},
				"up": {"uv": [12, 0, 16, 4], "texture": "#0"},
				"down": {"uv": [12, 0, 16, 4], "texture": "#0"}
			}
		},
		{
			"from": [6, 0, 9],
			"to": [10, 9, 13],
			"rotation": {"angle": 22.5, "axis": "x", "origin": [6, 0, 9]},
			"faces": {
				"north": {"uv": [12, 4, 16, 13], "texture": "#0"},
				"east": {"uv": [12, 4, 16, 13], "texture": "#0"},
				"south": {"uv": [12, 4, 16, 13], "texture": "#0"},
				"west": {"uv": [12, 4, 16, 13], "texture": "#0"},
				"up": {"uv": [12, 0, 16, 4], "rotation": 270, "texture": "#0"},
				"down": {"uv": [12, 0, 16, 4], "rotation": 90, "texture": "#0"}
			}
		}
	]
}