{
	"credit": "Made with Blockbench",
	"ambientocclusion": false,
	"textures": {
		"1": "block/bamboo_door_side",
		"particle": "block/bamboo_door_bottom",
		"bottom": "block/bamboo_door_bottom"
	},
	"elements": [
		{
			"from": [0, 0, 0],
			"to": [3, 16, 16],
			"rotation": {"angle": 0, "axis": "y", "origin": [0, 0, 16]},
			"faces": {
				"north": {"uv": [12, 0, 9, 16], "texture": "#1"},
				"east": {"uv": [0, 0, 16, 16], "texture": "#bottom"},
				"south": {"uv": [6, 0, 3, 16], "texture": "#1"},
				"west": {"uv": [16, 0, 0, 16], "texture": "#bottom"},
				"down": {"uv": [0, 16, 3, 0], "texture": "#1"}
			}
		}
	]
}