{
	"credit": "Made with Blockbench",
	"textures": {
		"particle": "block/bamboo_button",
		"texture": "block/bamboo_button"
	},
	"elements": [
		{
			"from": [5, 0, 6],
			"to": [11, 1, 10],
			"faces": {
				"north": {"uv": [5, 10, 11, 11], "texture": "#texture"},
				"east": {"uv": [4, 6, 5, 10], "rotation": 270, "texture": "#texture"},
				"south": {"uv": [5, 10, 11, 11], "texture": "#texture"},
				"west": {"uv": [4, 6, 5, 10], "rotation": 270, "texture": "#texture"},
				"up": {"uv": [5, 10, 11, 6], "texture": "#texture"},
				"down": {"uv": [5, 6, 11, 10], "texture": "#texture", "cullface": "down"}
			}
		}
	]
}