{
  "variants": {
    "": [ { "model": "minecraft:block/coarse_dirt", "weight":20 },
      { "model": "minecraft:block/coarse_dirt", "x": 90, "weight":20 },
      { "model": "minecraft:block/coarse_dirt", "x": 180, "weight":20 },
      { "model": "minecraft:block/coarse_dirt", "x": 270, "weight":20 },
      { "model": "minecraft:block/coarse_dirt/coarse_dirt1", "weight":1 },
      { "model": "minecraft:block/coarse_dirt/coarse_dirt1", "x": 90, "weight":1 },
      { "model": "minecraft:block/coarse_dirt/coarse_dirt1", "x": 180, "weight":1 },
      { "model": "minecraft:block/coarse_dirt/coarse_dirt1", "x": 270, "weight":1 },
      { "model": "minecraft:block/coarse_dirt/coarse_dirt2", "weight":1 },
      { "model": "minecraft:block/coarse_dirt/coarse_dirt2", "x": 90, "weight":1 },
      { "model": "minecraft:block/coarse_dirt/coarse_dirt2", "x": 180, "weight":1 },
      { "model": "minecraft:block/coarse_dirt/coarse_dirt2", "x": 270, "weight":1 },
      { "model": "minecraft:block/coarse_dirt/coarse_dirt3", "weight":1 },
      { "model": "minecraft:block/coarse_dirt/coarse_dirt3", "x": 90, "weight":1 },
      { "model": "minecraft:block/coarse_dirt/coarse_dirt3", "x": 180, "weight":1 },
      { "model": "minecraft:block/coarse_dirt/coarse_dirt3", "x": 270, "weight":1 },
      { "model": "minecraft:block/coarse_dirt/coarse_dirt4", "weight":1 },
      { "model": "minecraft:block/coarse_dirt/coarse_dirt4", "x": 90, "weight":1 },
      { "model": "minecraft:block/coarse_dirt/coarse_dirt4", "x": 180, "weight":1 },
      { "model": "minecraft:block/coarse_dirt/coarse_dirt4", "x": 270, "weight":1 },
      { "model": "minecraft:block/coarse_dirt/coarse_dirt5", "weight":1 },
      { "model": "minecraft:block/coarse_dirt/coarse_dirt5", "x": 90, "weight":1 },
      { "model": "minecraft:block/coarse_dirt/coarse_dirt5", "x": 180, "weight":1 },
      { "model": "minecraft:block/coarse_dirt/coarse_dirt5", "x": 270, "weight":1 },
      { "model": "minecraft:block/coarse_dirt/coarse_dirt6", "weight":1 },
      { "model": "minecraft:block/coarse_dirt/coarse_dirt6", "x": 90, "weight":1 },
      { "model": "minecraft:block/coarse_dirt/coarse_dirt6", "x": 180, "weight":1 },
      { "model": "minecraft:block/coarse_dirt/coarse_dirt6", "x": 270, "weight":1 },
      { "model": "minecraft:block/coarse_dirt/coarse_dirt7", "weight":1 },
      { "model": "minecraft:block/coarse_dirt/coarse_dirt7", "x": 90, "weight":1 },
      { "model": "minecraft:block/coarse_dirt/coarse_dirt7", "x": 180, "weight":1 },
      { "model": "minecraft:block/coarse_dirt/coarse_dirt7", "x": 270, "weight":1 } ]
  }
}