{
  "variants": {
    "": [ { "model": "minecraft:block/cornflower" },
    { "model": "minecraft:block/cornflower/cornflower1" },
    { "model": "minecraft:block/cornflower/cornflower2" },
    { "model": "minecraft:block/cornflower/cornflower3" },
    { "model": "minecraft:block/cornflower/cornflower4" },
    { "model": "minecraft:block/cornflower/cornflower5" },
    { "model": "minecraft:block/cornflower/cornflower6" },
    { "model": "minecraft:block/cornflower/cornflower7" },
    { "model": "minecraft:block/cornflower/cornflower8" },
    { "model": "minecraft:block/cornflower/cornflower9" },
    { "model": "minecraft:block/cornflower/cornflower10" },
    { "model": "minecraft:block/cornflower/cornflower11" },
    { "model": "minecraft:block/cornflower/cornflower12" },
    { "model": "minecraft:block/cornflower/cornflower13" },
    { "model": "minecraft:block/cornflower/cornflower14" },
    { "model": "minecraft:block/cornflower/cornflower15" },
    { "model": "minecraft:block/cornflower/cornflower16" },
    { "model": "minecraft:block/cornflower/cornflower17" },
    { "model": "minecraft:block/cornflower/cornflower18" },
    { "model": "minecraft:block/cornflower/cornflower19" },
    { "model": "minecraft:block/cornflower/cornflower20" },
    { "model": "minecraft:block/cornflower/cornflower21" },
    { "model": "minecraft:block/cornflower/cornflower22" },
    { "model": "minecraft:block/cornflower/cornflower23" } ]
  }
}