{
  "variants": {
    "": [ { "model": "minecraft:block/crimson_roots" },
    { "model": "minecraft:block/crimson_roots/crimson_roots1" },
    { "model": "minecraft:block/crimson_roots/crimson_roots2" },
    { "model": "minecraft:block/crimson_roots/crimson_roots3" },
    { "model": "minecraft:block/crimson_roots/crimson_roots4" },
    { "model": "minecraft:block/crimson_roots/crimson_roots5" },
    { "model": "minecraft:block/crimson_roots/crimson_roots6" },
    { "model": "minecraft:block/crimson_roots/crimson_roots7" },
    { "model": "minecraft:block/crimson_roots/crimson_roots8" },
    { "model": "minecraft:block/crimson_roots/crimson_roots9" },
    { "model": "minecraft:block/crimson_roots/crimson_roots10" },
    { "model": "minecraft:block/crimson_roots/crimson_roots11" },
    { "model": "minecraft:block/crimson_roots/crimson_roots12" },
    { "model": "minecraft:block/crimson_roots/crimson_roots13" },
    { "model": "minecraft:block/crimson_roots/crimson_roots14" },
    { "model": "minecraft:block/crimson_roots/crimson_roots15" },
    { "model": "minecraft:block/crimson_roots/crimson_roots16" },
    { "model": "minecraft:block/crimson_roots/crimson_roots17" },
    { "model": "minecraft:block/crimson_roots/crimson_roots18" },
    { "model": "minecraft:block/crimson_roots/crimson_roots19" },
    { "model": "minecraft:block/crimson_roots/crimson_roots20" },
    { "model": "minecraft:block/crimson_roots/crimson_roots21" },
    { "model": "minecraft:block/crimson_roots/crimson_roots22" },
    { "model": "minecraft:block/crimson_roots/crimson_roots23" },
    { "model": "minecraft:block/crimson_roots/crimson_roots24" },
    { "model": "minecraft:block/crimson_roots/crimson_roots25" },
    { "model": "minecraft:block/crimson_roots/crimson_roots26" },
    { "model": "minecraft:block/crimson_roots/crimson_roots27" },
    { "model": "minecraft:block/crimson_roots/crimson_roots28" },
    { "model": "minecraft:block/crimson_roots/crimson_roots29" },
    { "model": "minecraft:block/crimson_roots/crimson_roots30" },
    { "model": "minecraft:block/crimson_roots/crimson_roots31" },
    { "model": "minecraft:block/crimson_roots/crimson_roots32" },
    { "model": "minecraft:block/crimson_roots/crimson_roots33" },
    { "model": "minecraft:block/crimson_roots/crimson_roots34" },
    { "model": "minecraft:block/crimson_roots/crimson_roots35" },
    { "model": "minecraft:block/crimson_roots/crimson_roots36" },
    { "model": "minecraft:block/crimson_roots/crimson_roots37" },
    { "model": "minecraft:block/crimson_roots/crimson_roots38" },
    { "model": "minecraft:block/crimson_roots/crimson_roots39" },
    { "model": "minecraft:block/crimson_roots/crimson_roots40" },
    { "model": "minecraft:block/crimson_roots/crimson_roots41" },
    { "model": "minecraft:block/crimson_roots/crimson_roots42" },
    { "model": "minecraft:block/crimson_roots/crimson_roots43" },
    { "model": "minecraft:block/crimson_roots/crimson_roots44" },
    { "model": "minecraft:block/crimson_roots/crimson_roots45" },
    { "model": "minecraft:block/crimson_roots/crimson_roots46" },
    { "model": "minecraft:block/crimson_roots/crimson_roots47" } ]
  }
}