{
  "variants": {
    "": [ { "model": "minecraft:block/dead_brain_coral", "weight": 4 },
    { "model": "minecraft:block/dead_brain_coral/dead_brain_coral1", "weight": 4 },
    { "model": "minecraft:block/dead_brain_coral/dead_brain_coral2", "weight": 2 },
    { "model": "minecraft:block/dead_brain_coral/dead_brain_coral3", "weight": 1 },
    { "model": "minecraft:block/dead_brain_coral/dead_brain_coral4", "weight": 4 },
    { "model": "minecraft:block/dead_brain_coral/dead_brain_coral5", "weight": 4 },
    { "model": "minecraft:block/dead_brain_coral/dead_brain_coral6", "weight": 2 },
    { "model": "minecraft:block/dead_brain_coral/dead_brain_coral7", "weight": 1 },
    { "model": "minecraft:block/dead_brain_coral/dead_brain_coral8", "weight": 4 },
    { "model": "minecraft:block/dead_brain_coral/dead_brain_coral9", "weight": 4 },
    { "model": "minecraft:block/dead_brain_coral/dead_brain_coral10", "weight": 2 },
    { "model": "minecraft:block/dead_brain_coral/dead_brain_coral11", "weight": 1 },
    { "model": "minecraft:block/dead_brain_coral/dead_brain_coral12", "weight": 4 },
    { "model": "minecraft:block/dead_brain_coral/dead_brain_coral13", "weight": 4 },
    { "model": "minecraft:block/dead_brain_coral/dead_brain_coral14", "weight": 2 },
    { "model": "minecraft:block/dead_brain_coral/dead_brain_coral15", "weight": 1 },
    { "model": "minecraft:block/dead_brain_coral/dead_brain_coral16", "weight": 4 },
    { "model": "minecraft:block/dead_brain_coral/dead_brain_coral17", "weight": 4 },
    { "model": "minecraft:block/dead_brain_coral/dead_brain_coral18", "weight": 2 },
    { "model": "minecraft:block/dead_brain_coral/dead_brain_coral19", "weight": 1 },
    { "model": "minecraft:block/dead_brain_coral/dead_brain_coral20", "weight": 4 },
    { "model": "minecraft:block/dead_brain_coral/dead_brain_coral21", "weight": 4 },
    { "model": "minecraft:block/dead_brain_coral/dead_brain_coral22", "weight": 2 },
    { "model": "minecraft:block/dead_brain_coral/dead_brain_coral23", "weight": 1 } ]
  }
}