{
  "variants": {
    "": [ { "model": "minecraft:block/oxeye_daisy/oxeye_daisy" },
    { "model": "minecraft:block/oxeye_daisy/oxeye_daisy", "y": 90 },
    { "model": "minecraft:block/oxeye_daisy/oxeye_daisy", "y": 180 },
    { "model": "minecraft:block/oxeye_daisy/oxeye_daisy", "y": 270 },
    { "model": "minecraft:block/oxeye_daisy/oxeye_daisy1" },
    { "model": "minecraft:block/oxeye_daisy/oxeye_daisy1", "y": 90 },
    { "model": "minecraft:block/oxeye_daisy/oxeye_daisy1", "y": 180 },
    { "model": "minecraft:block/oxeye_daisy/oxeye_daisy1", "y": 270 },
    { "model": "minecraft:block/oxeye_daisy/oxeye_daisy2" },
    { "model": "minecraft:block/oxeye_daisy/oxeye_daisy2", "y": 90 },
    { "model": "minecraft:block/oxeye_daisy/oxeye_daisy2", "y": 180 },
    { "model": "minecraft:block/oxeye_daisy/oxeye_daisy2", "y": 270 },
    { "model": "minecraft:block/oxeye_daisy/oxeye_daisy3" },
    { "model": "minecraft:block/oxeye_daisy/oxeye_daisy3", "y": 90 },
    { "model": "minecraft:block/oxeye_daisy/oxeye_daisy3", "y": 180 },
    { "model": "minecraft:block/oxeye_daisy/oxeye_daisy3", "y": 270 }  ]
  }
}