{
  "variants": {
    "age=0": [ { "model": "minecraft:block/torchflower_crop_stage0", "weight": 4 }, 
    { "model": "minecraft:block/torchflower_crop/torchflower_crop_stage01", "weight": 4 },
    { "model": "minecraft:block/torchflower_crop/torchflower_crop_stage02", "weight": 4 } ],
    "age=1": [ { "model": "minecraft:block/torchflower_crop_stage1", "weight": 4 },
    { "model": "minecraft:block/torchflower_crop/torchflower_crop_stage11", "weight": 4 },
    { "model": "minecraft:block/torchflower_crop/torchflower_crop_stage12", "weight": 4 } ]
  }
}