{
  "variants": {
    "axis=x": [ { "model": "minecraft:block/birch_wood", "x": 90, "y": 90 },
    { "model": "minecraft:block/birch_wood/birch_wood1", "x": 90, "y": 90 },
    { "model": "minecraft:block/birch_wood/birch_wood2", "x": 90, "y": 90 },
    { "model": "minecraft:block/birch_wood/birch_wood3", "x": 90, "y": 90 },
    { "model": "minecraft:block/birch_wood/birch_wood4", "x": 90, "y": 90 },
    { "model": "minecraft:block/birch_wood/birch_wood5", "x": 90, "y": 90 },
    { "model": "minecraft:block/birch_wood/birch_wood6", "x": 90, "y": 90 },
    { "model": "minecraft:block/birch_wood/birch_wood7", "x": 90, "y": 90 },
    { "model": "minecraft:block/birch_wood", "x": 270, "y": 90 },
    { "model": "minecraft:block/birch_wood/birch_wood1", "x": 270, "y": 90 },
    { "model": "minecraft:block/birch_wood/birch_wood2", "x": 270, "y": 90 },
    { "model": "minecraft:block/birch_wood/birch_wood3", "x": 270, "y": 90 },
    { "model": "minecraft:block/birch_wood/birch_wood4", "x": 270, "y": 90 },
    { "model": "minecraft:block/birch_wood/birch_wood5", "x": 270, "y": 90 },
    { "model": "minecraft:block/birch_wood/birch_wood6", "x": 270, "y": 90 },
    { "model": "minecraft:block/birch_wood/birch_wood7", "x": 270, "y": 90 } ],
    "axis=y": [ { "model": "minecraft:block/birch_wood" },
    { "model": "minecraft:block/birch_wood/birch_wood1" },
    { "model": "minecraft:block/birch_wood/birch_wood2" },
    { "model": "minecraft:block/birch_wood/birch_wood3" },
    { "model": "minecraft:block/birch_wood/birch_wood4" },
    { "model": "minecraft:block/birch_wood/birch_wood5" },
    { "model": "minecraft:block/birch_wood/birch_wood6" },
    { "model": "minecraft:block/birch_wood/birch_wood7" },
    { "model": "minecraft:block/birch_wood", "x": 180 },
    { "model": "minecraft:block/birch_wood/birch_wood1", "x": 180 },
    { "model": "minecraft:block/birch_wood/birch_wood2", "x": 180 },
    { "model": "minecraft:block/birch_wood/birch_wood3", "x": 180 },
    { "model": "minecraft:block/birch_wood/birch_wood4", "x": 180 },
    { "model": "minecraft:block/birch_wood/birch_wood5", "x": 180 },
    { "model": "minecraft:block/birch_wood/birch_wood6", "x": 180 },
    { "model": "minecraft:block/birch_wood/birch_wood7", "x": 180 } ],
    "axis=z": [ { "model": "minecraft:block/birch_wood", "x": 90 },
    { "model": "minecraft:block/birch_wood/birch_wood1", "x": 90 },
    { "model": "minecraft:block/birch_wood/birch_wood2", "x": 90 },
    { "model": "minecraft:block/birch_wood/birch_wood3", "x": 90 },
    { "model": "minecraft:block/birch_wood/birch_wood4", "x": 90 },
    { "model": "minecraft:block/birch_wood/birch_wood5", "x": 90 },
    { "model": "minecraft:block/birch_wood/birch_wood6", "x": 90 },
    { "model": "minecraft:block/birch_wood/birch_wood7", "x": 90 },
    { "model": "minecraft:block/birch_wood", "x": 270 },
    { "model": "minecraft:block/birch_wood/birch_wood1", "x": 270 },
    { "model": "minecraft:block/birch_wood/birch_wood2", "x": 270 },
    { "model": "minecraft:block/birch_wood/birch_wood3", "x": 270 },
    { "model": "minecraft:block/birch_wood/birch_wood4", "x": 270 },
    { "model": "minecraft:block/birch_wood/birch_wood5", "x": 270 },
    { "model": "minecraft:block/birch_wood/birch_wood6", "x": 270 },
    { "model": "minecraft:block/birch_wood/birch_wood7", "x": 270 } ]
  }
}