{
  "variants": {
    "": [ { "model": "minecraft:block/lily_of_the_valley" },
    { "model": "minecraft:block/lily_of_the_valley/lily_of_the_valley1" },
    { "model": "minecraft:block/lily_of_the_valley/lily_of_the_valley2" },
    { "model": "minecraft:block/lily_of_the_valley/lily_of_the_valley3" },
    { "model": "minecraft:block/lily_of_the_valley/lily_of_the_valley4" },
    { "model": "minecraft:block/lily_of_the_valley/lily_of_the_valley5" },
    { "model": "minecraft:block/lily_of_the_valley/lily_of_the_valley6" },
    { "model": "minecraft:block/lily_of_the_valley/lily_of_the_valley7" },
    { "model": "minecraft:block/lily_of_the_valley/lily_of_the_valley8" },
    { "model": "minecraft:block/lily_of_the_valley/lily_of_the_valley9" },
    { "model": "minecraft:block/lily_of_the_valley/lily_of_the_valley10" },
    { "model": "minecraft:block/lily_of_the_valley/lily_of_the_valley11" },
    { "model": "minecraft:block/lily_of_the_valley/lily_of_the_valley12" },
    { "model": "minecraft:block/lily_of_the_valley/lily_of_the_valley13" },
    { "model": "minecraft:block/lily_of_the_valley/lily_of_the_valley14" },
    { "model": "minecraft:block/lily_of_the_valley/lily_of_the_valley15" },
    { "model": "minecraft:block/lily_of_the_valley/lily_of_the_valley16" },
    { "model": "minecraft:block/lily_of_the_valley/lily_of_the_valley17" },
    { "model": "minecraft:block/lily_of_the_valley/lily_of_the_valley18" },
    { "model": "minecraft:block/lily_of_the_valley/lily_of_the_valley19" },
    { "model": "minecraft:block/lily_of_the_valley/lily_of_the_valley20" },
    { "model": "minecraft:block/lily_of_the_valley/lily_of_the_valley21" },
    { "model": "minecraft:block/lily_of_the_valley/lily_of_the_valley22" },
    { "model": "minecraft:block/lily_of_the_valley/lily_of_the_valley23" } ]
  }
}