{
  "variants": {
    "": [ { "model": "minecraft:block/mossy_stone_bricks" },
    { "model": "minecraft:block/mossy_stone_bricks/mossy_stone_bricks1" },
    { "model": "minecraft:block/mossy_stone_bricks/mossy_stone_bricks2" },
    { "model": "minecraft:block/mossy_stone_bricks/mossy_stone_bricks3" },
    { "model": "minecraft:block/mossy_stone_bricks/mossy_stone_bricks4" },
    { "model": "minecraft:block/mossy_stone_bricks/mossy_stone_bricks5" },
    { "model": "minecraft:block/mossy_stone_bricks/mossy_stone_bricks6" },
    { "model": "minecraft:block/mossy_stone_bricks/mossy_stone_bricks7" } ]
  }
}