{"providers":[{"type":"bitmap","file":"mythichud:font/assets/death-message/outline.png","height":12,"ascent":-115500,"chars":[""]},{"type":"bitmap","file":"mythichud:font/assets/death-message/icon.png","height":16,"ascent":-120500,"chars":[""]},{"type":"bitmap","file":"mythichud:font/assets/death-message/outline.png","height":12,"ascent":-121500,"chars":[""]},{"type":"bitmap","file":"mythichud:font/assets/death-message/icon.png","height":16,"ascent":-126500,"chars":[""]},{"type":"bitmap","file":"mythichud:font/assets/death-message/outline.png","height":12,"ascent":-127500,"chars":[""]},{"type":"bitmap","file":"mythichud:font/assets/death-message/icon.png","height":16,"ascent":-132500,"chars":[""]},{"type":"bitmap","file":"mythichud:font/assets/death-message/outline.png","height":12,"ascent":-133500,"chars":[""]},{"type":"bitmap","file":"mythichud:font/assets/death-message/icon.png","height":16,"ascent":-138500,"chars":[""]},{"type":"bitmap","file":"mythichud:font/assets/death-message/outline.png","height":12,"ascent":-139500,"chars":[""]},{"type":"bitmap","file":"mythichud:font/assets/death-message/icon.png","height":16,"ascent":-144500,"chars":[""]}]}