{
  "variants": {
    "": [ { "model": "minecraft:block/bookshelf" },
      { "model": "minecraft:block/bookshelf/bookshelf1" },
      { "model": "minecraft:block/bookshelf/bookshelf2" },
      { "model": "minecraft:block/bookshelf/bookshelf3" },
      { "model": "minecraft:block/bookshelf/bookshelf4" },
      { "model": "minecraft:block/bookshelf/bookshelf5" },
      { "model": "minecraft:block/bookshelf/bookshelf6" },
      { "model": "minecraft:block/bookshelf/bookshelf7" },
      { "model": "minecraft:block/bookshelf/bookshelf8" },
      { "model": "minecraft:block/bookshelf/bookshelf9" },
      { "model": "minecraft:block/bookshelf/bookshelf10" },
      { "model": "minecraft:block/bookshelf/bookshelf11" },
      { "model": "minecraft:block/bookshelf/bookshelf12" },
      { "model": "minecraft:block/bookshelf/bookshelf13" },
      { "model": "minecraft:block/bookshelf/bookshelf14" },
      { "model": "minecraft:block/bookshelf/bookshelf15" } ]
  }
}