{
  "variants": {
    "": [ { "model": "minecraft:block/brown_mushroom/brown_mushroom" },
    { "model": "minecraft:block/brown_mushroom/brown_mushroom", "y": 90 },
    { "model": "minecraft:block/brown_mushroom/brown_mushroom", "y": 180 },
    { "model": "minecraft:block/brown_mushroom/brown_mushroom", "y": 270 },
    { "model": "minecraft:block/brown_mushroom/brown_mushroom1" },
    { "model": "minecraft:block/brown_mushroom/brown_mushroom1", "y": 90 },
    { "model": "minecraft:block/brown_mushroom/brown_mushroom1", "y": 180  },
    { "model": "minecraft:block/brown_mushroom/brown_mushroom3" },
    { "model": "minecraft:block/brown_mushroom/brown_mushroom1", "y": 270  },
    { "model": "minecraft:block/brown_mushroom/brown_mushroom2" },
    { "model": "minecraft:block/brown_mushroom/brown_mushroom2", "y": 90 },
    { "model": "minecraft:block/brown_mushroom/brown_mushroom2", "y": 180  },
    { "model": "minecraft:block/brown_mushroom/brown_mushroom2", "y": 270  },
    { "model": "minecraft:block/brown_mushroom/brown_mushroom3", "y": 90 },
    { "model": "minecraft:block/brown_mushroom/brown_mushroom3", "y": 180  },
    { "model": "minecraft:block/brown_mushroom/brown_mushroom3", "y": 270  } ]
  }
}