{
	"credit": "Made with Blockbench",
	"textures": {
		"0": "./katana",
		"particle": "./katana"
	},
	"elements": [
		{
			"from": [7, 0, 7],
			"to": [9, 4, 9],
			"faces": {
				"north": {"uv": [7, 0, 9, 4], "texture": "#0"},
				"east": {"uv": [7, 4, 9, 8], "texture": "#0"},
				"south": {"uv": [4, 8, 6, 12], "texture": "#0"},
				"west": {"uv": [6, 8, 8, 12], "texture": "#0"},
				"up": {"uv": [10, 10, 8, 8], "texture": "#0"},
				"down": {"uv": [11, 0, 9, 2], "texture": "#0"}
			}
		},
		{
			"from": [6.5, 4, 6],
			"to": [9.5, 5, 10],
			"faces": {
				"north": {"uv": [9, 4, 12, 5], "texture": "#0"},
				"east": {"uv": [9, 2, 13, 3], "texture": "#0"},
				"south": {"uv": [9, 5, 12, 6], "texture": "#0"},
				"west": {"uv": [9, 3, 13, 4], "texture": "#0"},
				"up": {"uv": [7, 4, 4, 0], "texture": "#0"},
				"down": {"uv": [7, 4, 4, 8], "texture": "#0"}
			}
		},
		{
			"from": [8, 5, 7],
			"to": [8, 19, 9],
			"faces": {
				"north": {"uv": [0, 0, 0, 14], "texture": "#0"},
				"east": {"uv": [0, 0, 2, 14], "texture": "#0"},
				"south": {"uv": [0, 0, 0, 14], "texture": "#0"},
				"west": {"uv": [2, 0, 4, 14], "texture": "#0"},
				"up": {"uv": [0, 2, 0, 0], "texture": "#0"},
				"down": {"uv": [0, 0, 0, 2], "texture": "#0"}
			}
		},
		{
			"from": [8, 19, 8],
			"to": [8, 20, 9],
			"faces": {
				"north": {"uv": [0, 0, 0, 1], "texture": "#0"},
				"east": {"uv": [9, 6, 10, 7], "texture": "#0"},
				"south": {"uv": [0, 0, 0, 1], "texture": "#0"},
				"west": {"uv": [9, 7, 10, 8], "texture": "#0"},
				"up": {"uv": [0, 1, 0, 0], "texture": "#0"},
				"down": {"uv": [0, 0, 0, 1], "texture": "#0"}
			}
		},
		{
			"from": [6.5, 2.5, 6.5],
			"to": [6.5, 3.5, 9.5],
			"faces": {
				"north": {"uv": [3, 14, 3, 15], "texture": "#0"},
				"east": {"uv": [3, 15, 6, 16], "texture": "#0"},
				"south": {"uv": [0, 14, 0, 15], "texture": "#0"},
				"west": {"uv": [0, 15, 3, 16], "texture": "#0"},
				"up": {"uv": [0, 0, 0, 3], "texture": "#0"},
				"down": {"uv": [0, 0, 0, 3], "texture": "#0"}
			}
		},
		{
			"from": [9.5, 2.5, 6.5],
			"to": [9.5, 3.5, 9.5],
			"faces": {
				"north": {"uv": [3, 14, 3, 15], "texture": "#0"},
				"east": {"uv": [3, 15, 6, 16], "texture": "#0"},
				"south": {"uv": [0, 14, 0, 15], "texture": "#0"},
				"west": {"uv": [0, 15, 3, 16], "texture": "#0"},
				"up": {"uv": [0, 0, 0, 3], "texture": "#0"},
				"down": {"uv": [0, 0, 0, 3], "texture": "#0"}
			}
		},
		{
			"from": [6.5, 2.5, 6.5],
			"to": [9.5, 3.5, 6.5],
			"rotation": {"angle": 0, "axis": "y", "origin": [8, 3, 8]},
			"faces": {
				"north": {"uv": [3, 14, 6, 15], "texture": "#0"},
				"east": {"uv": [3, 15, 3, 16], "texture": "#0"},
				"south": {"uv": [0, 14, 3, 15], "texture": "#0"},
				"west": {"uv": [0, 15, 0, 16], "texture": "#0"},
				"up": {"uv": [0, 0, 0, 3], "rotation": 270, "texture": "#0"},
				"down": {"uv": [0, 0, 0, 3], "rotation": 90, "texture": "#0"}
			}
		},
		{
			"from": [6.5, 2.5, 9.5],
			"to": [9.5, 3.5, 9.5],
			"rotation": {"angle": 0, "axis": "y", "origin": [8, 3, 8]},
			"faces": {
				"north": {"uv": [3, 14, 6, 15], "texture": "#0"},
				"east": {"uv": [3, 15, 3, 16], "texture": "#0"},
				"south": {"uv": [0, 14, 3, 15], "texture": "#0"},
				"west": {"uv": [0, 15, 0, 16], "texture": "#0"},
				"up": {"uv": [0, 0, 0, 3], "rotation": 270, "texture": "#0"},
				"down": {"uv": [0, 0, 0, 3], "rotation": 90, "texture": "#0"}
			}
		}
	],
	"display": {
		"thirdperson_righthand": {
			"translation": [0, 3.75, 0.75],
			"scale": [0.95, 0.95, 0.95]
		},
		"thirdperson_lefthand": {
			"translation": [0, 3.75, 0.75],
			"scale": [0.95, 0.95, 0.95]
		},
		"firstperson_righthand": {
			"translation": [0, 5.5, 0]
		},
		"firstperson_lefthand": {
			"translation": [0, 5.5, 0]
		},
		"ground": {
			"rotation": [-35, 0, 0],
			"translation": [0, 2, 0],
			"scale": [0.5, 0.5, 0.5]
		},
		"gui": {
			"rotation": [-90, -50, -100],
			"scale": [0.9, 0.9, 0.9]
		},
		"head": {
			"rotation": [-150, 36, 0],
			"translation": [0, 12, 3]
		},
		"fixed": {
			"rotation": [-90, 45, 90]
		}
	}
}