{
  "variants": {
    "": [ { "model": "minecraft:block/flowering_azalea_leaves" },
    { "model": "minecraft:block/flowering_azalea_leaves/flowering_azalea_leaves1" },
    { "model": "minecraft:block/flowering_azalea_leaves/flowering_azalea_leaves2" },
    { "model": "minecraft:block/flowering_azalea_leaves/flowering_azalea_leaves3" },
    { "model": "minecraft:block/flowering_azalea_leaves/flowering_azalea_leaves4" },
    { "model": "minecraft:block/flowering_azalea_leaves/flowering_azalea_leaves5" },
    { "model": "minecraft:block/flowering_azalea_leaves/flowering_azalea_leaves6" },
    { "model": "minecraft:block/flowering_azalea_leaves/flowering_azalea_leaves7" } ]
  }
}