{
  "variants": {
    "": [ { "model": "minecraft:block/orange_tulip/orange_tulip" },
    { "model": "minecraft:block/orange_tulip/orange_tulip1" },
    { "model": "minecraft:block/orange_tulip/orange_tulip2" },
    { "model": "minecraft:block/orange_tulip/orange_tulip3" },
    { "model": "minecraft:block/orange_tulip/orange_tulip1", "y":90 },
    { "model": "minecraft:block/orange_tulip/orange_tulip2", "y":90 },
    { "model": "minecraft:block/orange_tulip/orange_tulip3", "y":90 },
    { "model": "minecraft:block/orange_tulip/orange_tulip1", "y":180 },
    { "model": "minecraft:block/orange_tulip/orange_tulip2", "y":180 },
    { "model": "minecraft:block/orange_tulip/orange_tulip3", "y":180 },
    { "model": "minecraft:block/orange_tulip/orange_tulip1", "y":270 },
    { "model": "minecraft:block/orange_tulip/orange_tulip2", "y":270 },
    { "model": "minecraft:block/orange_tulip/orange_tulip3", "y":270 } ]
  }
}