{
  "variants": {
    "half=lower": [ { "model": "minecraft:block/peony_bottom" },
    { "model": "minecraft:block/peony/peony_bottom1" },
    { "model": "minecraft:block/peony/peony_bottom2" },
    { "model": "minecraft:block/peony/peony_bottom3" }, 
    { "model": "minecraft:block/peony/peony_bottom4" },
    { "model": "minecraft:block/peony/peony_bottom5" },
    { "model": "minecraft:block/peony/peony_bottom6" },
    { "model": "minecraft:block/peony/peony_bottom7" },
    { "model": "minecraft:block/peony/peony_bottom8" },
    { "model": "minecraft:block/peony/peony_bottom9" },
    { "model": "minecraft:block/peony/peony_bottom10" },
    { "model": "minecraft:block/peony/peony_bottom11" },
    { "model": "minecraft:block/peony/peony_bottom12" },
    { "model": "minecraft:block/peony/peony_bottom13" },
    { "model": "minecraft:block/peony/peony_bottom14" }, 
    { "model": "minecraft:block/peony/peony_bottom15" },
    { "model": "minecraft:block/peony/peony_bottom16" },
    { "model": "minecraft:block/peony/peony_bottom17" },
    { "model": "minecraft:block/peony/peony_bottom18" },
    { "model": "minecraft:block/peony/peony_bottom19" },
    { "model": "minecraft:block/peony/peony_bottom20" },
    { "model": "minecraft:block/peony/peony_bottom21" },
    { "model": "minecraft:block/peony/peony_bottom22" },
    { "model": "minecraft:block/peony/peony_bottom23" } ],
    "half=upper": [ { "model": "minecraft:block/peony_top" },
    { "model": "minecraft:block/peony/peony_top1" },
    { "model": "minecraft:block/peony/peony_top2" },
    { "model": "minecraft:block/peony/peony_top3" },
    { "model": "minecraft:block/peony/peony_top4" },
    { "model": "minecraft:block/peony/peony_top5" },
    { "model": "minecraft:block/peony/peony_top6" },
    { "model": "minecraft:block/peony/peony_top7" },
    { "model": "minecraft:block/peony/peony_top8" },
    { "model": "minecraft:block/peony/peony_top9" },
    { "model": "minecraft:block/peony/peony_top10" },
    { "model": "minecraft:block/peony/peony_top11" },
    { "model": "minecraft:block/peony/peony_top12" },
    { "model": "minecraft:block/peony/peony_top13" },
    { "model": "minecraft:block/peony/peony_top14" },
    { "model": "minecraft:block/peony/peony_top15" },
    { "model": "minecraft:block/peony/peony_top16" },
    { "model": "minecraft:block/peony/peony_top17" },
    { "model": "minecraft:block/peony/peony_top18" },
    { "model": "minecraft:block/peony/peony_top19" },
    { "model": "minecraft:block/peony/peony_top20" },
    { "model": "minecraft:block/peony/peony_top21" },
    { "model": "minecraft:block/peony/peony_top22" },
    { "model": "minecraft:block/peony/peony_top23" } ]
  }
}