{
  "variants": {
    "hanging=false": [ {"model": "minecraft:block/soul_lantern"},
    {"model": "minecraft:block/soul_lantern/soul_lantern1"},
    {"model": "minecraft:block/soul_lantern/soul_lantern2"},
    {"model": "minecraft:block/soul_lantern/soul_lantern3"} ],
    "hanging=true": [ { "model": "minecraft:block/soul_lantern_hanging" },
    { "model": "minecraft:block/soul_lantern/soul_lantern_hanging1" },
    { "model": "minecraft:block/soul_lantern/soul_lantern_hanging2" },
    { "model": "minecraft:block/soul_lantern/soul_lantern_hanging3" } ]
  }
}