{
  "variants": {
    "facing=east,lit=false": { "model": "minecraft:block/soul_campfire_off", "y": 270 },
    "facing=east,lit=true": { "model": "minecraft:block/soul_campfire", "y": 270 },
    "facing=north,lit=false": { "model": "minecraft:block/soul_campfire_off","y": 180 },
    "facing=north,lit=true": { "model": "minecraft:block/soul_campfire", "y": 180 },
    "facing=south,lit=false": { "model": "minecraft:block/soul_campfire_off" },
    "facing=south,lit=true": { "model": "minecraft:block/soul_campfire" },
    "facing=west,lit=false": { "model": "minecraft:block/soul_campfire_off", "y": 90 },
    "facing=west,lit=true": { "model": "minecraft:block/soul_campfire", "y": 90 }
  }
}