{
  "variants": {
    "": [ { "model": "minecraft:block/blue_orchid" },
    { "model": "minecraft:block/blue_orchid/blue_orchid1" },
    { "model": "minecraft:block/blue_orchid/blue_orchid2" },
    { "model": "minecraft:block/blue_orchid/blue_orchid3" },
    { "model": "minecraft:block/blue_orchid/blue_orchid4" },
    { "model": "minecraft:block/blue_orchid/blue_orchid5" },
    { "model": "minecraft:block/blue_orchid/blue_orchid6" },
    { "model": "minecraft:block/blue_orchid/blue_orchid7" },
    { "model": "minecraft:block/blue_orchid/blue_orchid8" },
    { "model": "minecraft:block/blue_orchid/blue_orchid9" },
    { "model": "minecraft:block/blue_orchid/blue_orchid10" },
    { "model": "minecraft:block/blue_orchid/blue_orchid11" },
    { "model": "minecraft:block/blue_orchid/blue_orchid12" },
    { "model": "minecraft:block/blue_orchid/blue_orchid13" },
    { "model": "minecraft:block/blue_orchid/blue_orchid14" },
    { "model": "minecraft:block/blue_orchid/blue_orchid15" },
    { "model": "minecraft:block/blue_orchid/blue_orchid16" },
    { "model": "minecraft:block/blue_orchid/blue_orchid17" },
    { "model": "minecraft:block/blue_orchid/blue_orchid18" },
    { "model": "minecraft:block/blue_orchid/blue_orchid19" },
    { "model": "minecraft:block/blue_orchid/blue_orchid20" },
    { "model": "minecraft:block/blue_orchid/blue_orchid21" },
    { "model": "minecraft:block/blue_orchid/blue_orchid22" },
    { "model": "minecraft:block/blue_orchid/blue_orchid23" } ]
  }
}