{
  "variants": {
    "": [ { "model": "minecraft:block/target" },
    { "model": "minecraft:block/target/target1" },
    { "model": "minecraft:block/target/target2" },
    { "model": "minecraft:block/target/target3" },
    { "model": "minecraft:block/target/target4" },
    { "model": "minecraft:block/target/target5" },
    { "model": "minecraft:block/target/target6" },
    { "model": "minecraft:block/target/target7" },
    { "model": "minecraft:block/target/target8" },
    { "model": "minecraft:block/target/target9" },
    { "model": "minecraft:block/target/target10" } ]
  }
}