{
  "variants": {
    "type=bottom": [ { "model": "minecraft:block/birch_slab" },
    { "model": "minecraft:block/birch_slab/birch_slab1" },
    { "model": "minecraft:block/birch_slab/birch_slab2" },
    { "model": "minecraft:block/birch_slab/birch_slab3" } ],
    "type=double": { "model": "minecraft:block/birch_double_slab" },
    "type=top": [ { "model": "minecraft:block/birch_slab_top" },
    { "model": "minecraft:block/birch_slab/birch_slab_top1" },
    { "model": "minecraft:block/birch_slab/birch_slab_top2" },
    { "model": "minecraft:block/birch_slab/birch_slab_top3" } ]
  }
}