{
  "variants": {
    "type=bottom": [ { "model": "minecraft:block/crimson_slab" },
    { "model": "minecraft:block/crimson_slab/crimson_slab1" },
    { "model": "minecraft:block/crimson_slab/crimson_slab2" },
    { "model": "minecraft:block/crimson_slab/crimson_slab3" } ],
    "type=double": { "model": "minecraft:block/crimson_double_slab" },
    "type=top": [ { "model": "minecraft:block/crimson_slab" },
    { "model": "minecraft:block/crimson_slab/crimson_slab_top1" },
    { "model": "minecraft:block/crimson_slab/crimson_slab_top2" },
    { "model": "minecraft:block/crimson_slab/crimson_slab_top3" } ]
  }
}