{
  "variants": {
    "type=bottom": [ { "model": "minecraft:block/petrified_oak_slab/petrified_oak_slab" },
    { "model": "minecraft:block/petrified_oak_slab/petrified_oak_slab1" },
    { "model": "minecraft:block/petrified_oak_slab/petrified_oak_slab2" },
    { "model": "minecraft:block/petrified_oak_slab/petrified_oak_slab3" } ],
    "type=double": [ { "model": "minecraft:block/petrified_oak_planks/petrified_oak_planks" },
    { "model": "minecraft:block/petrified_oak_planks/petrified_oak_planks1" },
    { "model": "minecraft:block/petrified_oak_planks/petrified_oak_planks2" },
    { "model": "minecraft:block/petrified_oak_planks/petrified_oak_planks3" } ],
    "type=top": [ { "model": "minecraft:block/petrified_oak_slab/petrified_oak_slab_top" },
    { "model": "minecraft:block/petrified_oak_slab/petrified_oak_slab_top1" },
    { "model": "minecraft:block/petrified_oak_slab/petrified_oak_slab_top2" },
    { "model": "minecraft:block/petrified_oak_slab/petrified_oak_slab_top3" } ]
  }
}