{
  "credit": "Made with Blockbench",
  "texture_size": [
    32,
    32
  ],
  "elements": [
    {
      "from": [
        6,
        3,
        6
      ],
      "to": [
        10,
        10,
        10
      ],
      "faces": {
        "north": {
          "uv": [
            2,
            2,
            4,
            5.5
          ],
          "texture": "#0"
        },
        "east": {
          "uv": [
            0,
            2,
            2,
            5.5
          ],
          "texture": "#0"
        },
        "south": {
          "uv": [
            6,
            2,
            8,
            5.5
          ],
          "texture": "#0"
        },
        "west": {
          "uv": [
            4,
            2,
            6,
            5.5
          ],
          "texture": "#0"
        },
        "up": {
          "uv": [
            4,
            2,
            2,
            0
          ],
          "texture": "#0"
        },
        "down": {
          "uv": [
            6,
            0,
            4,
            2
          ],
          "texture": "#0"
        }
      }
    },
    {
      "from": [
        10,
        0,
        7
      ],
      "to": [
        12,
        6,
        9
      ],
      "faces": {
        "north": {
          "uv": [
            1,
            2,
            2,
            5
          ],
          "texture": "#0"
        },
        "east": {
          "uv": [
            0,
            2,
            1,
            5
          ],
          "texture": "#0"
        },
        "south": {
          "uv": [
            3,
            2,
            4,
            5
          ],
          "texture": "#0"
        },
        "west": {
          "uv": [
            2,
            2,
            3,
            5
          ],
          "texture": "#0"
        },
        "up": {
          "uv": [
            2,
            2,
            1,
            1
          ],
          "texture": "#0"
        },
        "down": {
          "uv": [
            3,
            1,
            2,
            2
          ],
          "texture": "#0"
        }
      }
    },
    {
      "from": [
        5,
        0,
        5
      ],
      "to": [
        11,
        3,
        11
      ],
      "faces": {
        "north": {
          "uv": [
            7,
            14.5,
            10,
            16
          ],
          "texture": "#0"
        },
        "east": {
          "uv": [
            4,
            14.5,
            7,
            16
          ],
          "texture": "#0"
        },
        "south": {
          "uv": [
            13,
            14.5,
            16,
            16
          ],
          "texture": "#0"
        },
        "west": {
          "uv": [
            10,
            14.5,
            13,
            16
          ],
          "texture": "#0"
        },
        "up": {
          "uv": [
            10,
            14.5,
            7,
            11.5
          ],
          "texture": "#0"
        },
        "down": {
          "uv": [
            13,
            11.5,
            10,
            14.5
          ],
          "texture": "#0"
        }
      }
    },
    {
      "from": [
        7,
        1,
        1.5
      ],
      "to": [
        9,
        3,
        5.5
      ],
      "rotation": {
        "angle": 45,
        "axis": "x",
        "origin": [
          8,
          1,
          6
        ]
      },
      "faces": {
        "north": {
          "uv": [
            3,
            13.5,
            2,
            14.5
          ],
          "texture": "#0"
        },
        "east": {
          "uv": [
            5,
            13.5,
            3,
            14.5
          ],
          "texture": "#0"
        },
        "south": {
          "uv": [
            6,
            13.5,
            5,
            14.5
          ],
          "texture": "#0"
        },
        "west": {
          "uv": [
            2,
            13.5,
            0,
            14.5
          ],
          "texture": "#0"
        },
        "up": {
          "uv": [
            2,
            13.5,
            3,
            11.5
          ],
          "texture": "#0"
        },
        "down": {
          "uv": [
            3,
            11.5,
            4,
            13.5
          ],
          "texture": "#0"
        }
      }
    },
    {
      "from": [
        3.5,
        0,
        6.5
      ],
      "to": [
        6.5,
        6,
        9.5
      ],
      "rotation": {
        "angle": 45,
        "axis": "z",
        "origin": [
          6,
          3,
          8
        ]
      },
      "faces": {
        "north": {
          "uv": [
            11.5,
            1.5,
            13,
            4.5
          ],
          "texture": "#0"
        },
        "east": {
          "uv": [
            10,
            1.5,
            11.5,
            4.5
          ],
          "texture": "#0"
        },
        "south": {
          "uv": [
            14.5,
            1.5,
            16,
            4.5
          ],
          "texture": "#0"
        },
        "west": {
          "uv": [
            13,
            1.5,
            14.5,
            4.5
          ],
          "texture": "#0"
        },
        "up": {
          "uv": [
            13,
            1.5,
            11.5,
            0
          ],
          "texture": "#0"
        },
        "down": {
          "uv": [
            14.5,
            0,
            13,
            1.5
          ],
          "texture": "#0"
        }
      }
    },
    {
      "from": [
        7,
        -0.6,
        10
      ],
      "to": [
        9,
        3.4,
        12
      ],
      "rotation": {
        "angle": 45,
        "axis": "x",
        "origin": [
          5.64645,
          1.35355,
          11
        ]
      },
      "faces": {
        "north": {
          "uv": [
            4,
            9,
            5,
            11
          ],
          "texture": "#0"
        },
        "east": {
          "uv": [
            3,
            9,
            4,
            11
          ],
          "texture": "#0"
        },
        "south": {
          "uv": [
            6,
            9,
            7,
            11
          ],
          "texture": "#0"
        },
        "west": {
          "uv": [
            5,
            9,
            6,
            11
          ],
          "texture": "#0"
        },
        "up": {
          "uv": [
            5,
            9,
            4,
            8
          ],
          "texture": "#0"
        },
        "down": {
          "uv": [
            6,
            8,
            5,
            9
          ],
          "texture": "#0"
        }
      }
    },
    {
      "from": [
        6,
        0.5,
        3.5
      ],
      "to": [
        7,
        1.5,
        6.5
      ],
      "rotation": {
        "angle": 22.5,
        "axis": "x",
        "origin": [
          6.5,
          2,
          5
        ]
      },
      "faces": {
        "north": {
          "uv": [
            6.5,
            2.5,
            6,
            3
          ],
          "texture": "#0"
        },
        "east": {
          "uv": [
            8,
            2.5,
            6.5,
            3
          ],
          "texture": "#0"
        },
        "south": {
          "uv": [
            8.5,
            2.5,
            8,
            3
          ],
          "texture": "#0"
        },
        "west": {
          "uv": [
            6,
            2.5,
            4.5,
            3
          ],
          "texture": "#0"
        },
        "up": {
          "uv": [
            6,
            2.5,
            6.5,
            1
          ],
          "texture": "#0"
        },
        "down": {
          "uv": [
            6.5,
            1,
            7,
            2.5
          ],
          "texture": "#0"
        }
      }
    }
  ],
  "groups": [
    {
      "name": "big_skint",
      "origin": [
        8,
        8,
        8
      ],
      "color": 0,
      "nbt": "{}",
      "children": [
        0,
        1,
        2,
        3,
        4,
        5,
        6
      ]
    }
  ]
}