{
  "variants": {
    "type=bottom": [ { "model": "minecraft:block/acacia_slab" },
    { "model": "minecraft:block/acacia_slab/acacia_slab1" },
    { "model": "minecraft:block/acacia_slab/acacia_slab2" },
    { "model": "minecraft:block/acacia_slab/acacia_slab3" } ],
    "type=double": { "model": "minecraft:block/acacia_double_slab" },
    "type=top": [ { "model": "minecraft:block/acacia_slab_top" },
    { "model": "minecraft:block/acacia_slab/acacia_slab_top1" },
    { "model": "minecraft:block/acacia_slab/acacia_slab_top2" },
    { "model": "minecraft:block/acacia_slab/acacia_slab_top3" } ]
  }
}