{
	"credit": "Made with Blockbench",
	"texture_size": [32, 32],
	"textures": {
		"0": "block/allium/allium1",
		"particle": "block/allium/allium1"
	},
	"elements": [
		{
			"from": [11.5, 0, 5],
			"to": [11.5, 8, 6],
			"rotation": {"angle": 45, "axis": "y", "origin": [11.5, 4, 5.5]},
			"faces": {
				"north": {"uv": [0, 0, 0, 4], "texture": "#missing"},
				"east": {"uv": [3.5, 12, 4, 16], "texture": "#0"},
				"south": {"uv": [0, 0, 0, 4], "texture": "#missing"},
				"west": {"uv": [3.5, 12, 4, 16], "texture": "#0"},
				"up": {"uv": [0, 0, 0, 0.5], "texture": "#missing"},
				"down": {"uv": [0, 0, 0, 0.5], "texture": "#missing"}
			}
		},
		{
			"from": [11.5, 0, 5],
			"to": [11.5, 8, 6],
			"rotation": {"angle": -45, "axis": "y", "origin": [11.5, 4, 5.5]},
			"faces": {
				"north": {"uv": [0, 0, 0, 4], "texture": "#missing"},
				"east": {"uv": [3.5, 12, 4, 16], "texture": "#0"},
				"south": {"uv": [0, 0, 0, 4], "texture": "#missing"},
				"west": {"uv": [3.5, 12, 4, 16], "texture": "#0"},
				"up": {"uv": [0, 0, 0, 0.5], "texture": "#missing"},
				"down": {"uv": [0, 0, 0, 0.5], "texture": "#missing"}
			}
		},
		{
			"from": [2, 10, 9],
			"to": [7, 15, 14],
			"rotation": {"angle": 22.5, "axis": "y", "origin": [4.5, 12.5, 11.5]},
			"faces": {
				"north": {"uv": [2.5, 0, 5, 2.5], "texture": "#0"},
				"east": {"uv": [2.5, 0, 5, 2.5], "texture": "#0"},
				"south": {"uv": [2.5, 0, 5, 2.5], "texture": "#0"},
				"west": {"uv": [2.5, 0, 5, 2.5], "texture": "#0"},
				"up": {"uv": [0, 0, 2.5, 2.5], "texture": "#0"},
				"down": {"uv": [5, 0, 7.5, 2.5], "texture": "#0"}
			}
		},
		{
			"from": [4.5, 0, 11],
			"to": [4.5, 10, 12],
			"rotation": {"angle": 45, "axis": "y", "origin": [4.5, 5, 11.5]},
			"faces": {
				"north": {"uv": [0, 0, 0, 5], "texture": "#missing"},
				"east": {"uv": [12, 11, 12.5, 16], "texture": "#0"},
				"south": {"uv": [0, 0, 0, 5], "texture": "#missing"},
				"west": {"uv": [12, 11, 12.5, 16], "texture": "#0"},
				"up": {"uv": [0, 0, 0, 0.5], "texture": "#missing"},
				"down": {"uv": [0, 0, 0, 0.5], "texture": "#missing"}
			}
		},
		{
			"from": [4.5, 0, 11],
			"to": [4.5, 10, 12],
			"rotation": {"angle": -45, "axis": "y", "origin": [4.5, 5, 11.5]},
			"faces": {
				"north": {"uv": [0, 0, 0, 5], "texture": "#missing"},
				"east": {"uv": [12, 11, 12.5, 16], "texture": "#0"},
				"south": {"uv": [0, 0, 0, 5], "texture": "#missing"},
				"west": {"uv": [12, 11, 12.5, 16], "texture": "#0"},
				"up": {"uv": [0, 0, 0, 0.5], "texture": "#missing"},
				"down": {"uv": [0, 0, 0, 0.5], "texture": "#missing"}
			}
		},
		{
			"from": [9, 8, 3],
			"to": [14, 12, 8],
			"rotation": {"angle": -22.5, "axis": "y", "origin": [11.5, 10, 5.5]},
			"faces": {
				"north": {"uv": [13.5, 0, 16, 2], "texture": "#0"},
				"east": {"uv": [13.5, 0, 16, 2], "texture": "#0"},
				"south": {"uv": [13.5, 0, 16, 2], "texture": "#0"},
				"west": {"uv": [13.5, 0, 16, 2], "texture": "#0"},
				"up": {"uv": [11, 0, 13.5, 2.5], "texture": "#0"},
				"down": {"uv": [5, 0, 7.5, 2.5], "texture": "#0"}
			}
		}
	]
}