{
	"credit": "Made with Blockbench",
	"textures": {
		"0": "block/allium/allium",
		"particle": "block/allium/allium"
	},
	"elements": [
		{
			"from": [8, 0, 7.5],
			"to": [8, 9, 8.5],
			"rotation": {"angle": 45, "axis": "y", "origin": [8, 4.5, 8]},
			"faces": {
				"north": {"uv": [0, 0, 0, 9], "texture": "#0"},
				"east": {"uv": [7, 7, 8, 16], "texture": "#0"},
				"south": {"uv": [0, 0, 0, 9], "texture": "#0"},
				"west": {"uv": [7, 7, 8, 16], "texture": "#0"},
				"up": {"uv": [0, 0, 0, 1], "texture": "#0"},
				"down": {"uv": [0, 0, 0, 1], "texture": "#0"}
			}
		},
		{
			"from": [8, 0, 7.5],
			"to": [8, 9, 8.5],
			"rotation": {"angle": -45, "axis": "y", "origin": [8, 4.5, 8]},
			"faces": {
				"north": {"uv": [0, 0, 0, 9], "texture": "#0"},
				"east": {"uv": [7, 7, 8, 16], "texture": "#0"},
				"south": {"uv": [0, 0, 0, 9], "texture": "#0"},
				"west": {"uv": [7, 7, 8, 16], "texture": "#0"},
				"up": {"uv": [0, 0, 0, 1], "texture": "#0"},
				"down": {"uv": [0, 0, 0, 1], "texture": "#0"}
			}
		},
		{
			"from": [5.5, 9, 5.5],
			"to": [10.5, 14, 10.5],
			"rotation": {"angle": 45, "axis": "y", "origin": [8, 11.5, 8]},
			"faces": {
				"north": {"uv": [5, 0, 10, 5], "texture": "#0"},
				"east": {"uv": [5, 0, 10, 5], "texture": "#0"},
				"south": {"uv": [5, 0, 10, 5], "texture": "#0"},
				"west": {"uv": [5, 0, 10, 5], "texture": "#0"},
				"up": {"uv": [0, 0, 5, 5], "texture": "#0"},
				"down": {"uv": [10, 0, 15, 5], "texture": "#0"}
			}
		}
	],
	"gui_light": "front",
	"display": {
		"thirdperson_righthand": {
			"translation": [0, 4, 0.25],
			"scale": [0.85, 0.85, 0.85]
		},
		"thirdperson_lefthand": {
			"translation": [0, 4, 0.25],
			"scale": [0.85, 0.85, 0.85]
		},
		"firstperson_righthand": {
			"rotation": [0, -90, 25],
			"translation": [1.13, 3.2, 1.13],
			"scale": [0.68, 0.68, 0.68]
		},
		"firstperson_lefthand": {
			"rotation": [0, 90, -25],
			"translation": [1.13, 3.2, 1.13],
			"scale": [0.68, 0.68, 0.68]
		},
		"ground": {
			"translation": [0, 2, 0],
			"scale": [0.5, 0.5, 0.5]
		},
		"gui": {
			"rotation": [30, 2, 0]
		},
		"head": {
			"translation": [0, 14.5, 0]
		}
	}
}