{
	"credit": "Made with Blockbench",
	"texture_size": [32, 32],
	"textures": {
		"2": "./mifril"
	},
	"elements": [
		{
			"from": [7, 0, 7],
			"to": [9, 2, 9],
			"faces": {
				"north": {"uv": [3, 8, 4, 9], "texture": "#2"},
				"east": {"uv": [8, 8, 9, 9], "texture": "#2"},
				"south": {"uv": [4, 8.5, 5, 9.5], "texture": "#2"},
				"west": {"uv": [5, 8.5, 6, 9.5], "texture": "#2"},
				"up": {"uv": [7, 9.5, 6, 8.5], "texture": "#2"},
				"down": {"uv": [8, 8.5, 7, 9.5], "texture": "#2"}
			}
		},
		{
			"from": [7, 0, 7.1],
			"to": [9, 2, 8.9],
			"rotation": {"angle": -45, "axis": "z", "origin": [8, 1, 8]},
			"faces": {
				"north": {"uv": [2, 9, 3, 10], "texture": "#2"},
				"east": {"uv": [3, 9, 4, 10], "texture": "#2"},
				"south": {"uv": [8, 9, 9, 10], "texture": "#2"},
				"west": {"uv": [9, 8, 10, 9], "texture": "#2"},
				"up": {"uv": [10, 10, 9, 9], "texture": "#2"},
				"down": {"uv": [10.5, 0, 9.5, 1], "texture": "#2"}
			}
		},
		{
			"from": [0.1, 6, 8],
			"to": [2.9, 9, 8],
			"rotation": {"angle": -45, "axis": "z", "origin": [8, 1, 8]},
			"faces": {
				"north": {"uv": [5, 0, 6.5, 1.5], "texture": "#2"},
				"east": {"uv": [0, 0, 0, 1.5], "texture": "#2"},
				"south": {"uv": [5, 1.5, 6.5, 3], "texture": "#2"},
				"west": {"uv": [0, 0, 0, 1.5], "texture": "#2"},
				"up": {"uv": [1.5, 0, 0, 0], "texture": "#2"},
				"down": {"uv": [1.5, 0, 0, 0], "texture": "#2"}
			}
		},
		{
			"from": [-1.9, 8, 8],
			"to": [0.9, 11, 8],
			"rotation": {"angle": -45, "axis": "z", "origin": [8, 1, 8]},
			"faces": {
				"north": {"uv": [5, 3, 6.5, 4.5], "texture": "#2"},
				"east": {"uv": [0, 0, 0, 1.5], "texture": "#2"},
				"south": {"uv": [5, 4.5, 6.5, 6], "texture": "#2"},
				"west": {"uv": [0, 0, 0, 1.5], "texture": "#2"},
				"up": {"uv": [1.5, 0, 0, 0], "texture": "#2"},
				"down": {"uv": [1.5, 0, 0, 0], "texture": "#2"}
			}
		},
		{
			"from": [2.1, 4, 8],
			"to": [4.9, 7, 8],
			"rotation": {"angle": -45, "axis": "z", "origin": [8, 1, 8]},
			"faces": {
				"north": {"uv": [5, 6, 6.5, 7.5], "texture": "#2"},
				"east": {"uv": [0, 0, 0, 1.5], "texture": "#2"},
				"south": {"uv": [6.5, 0, 8, 1.5], "texture": "#2"},
				"west": {"uv": [0, 0, 0, 1.5], "texture": "#2"},
				"up": {"uv": [1.5, 0, 0, 0], "texture": "#2"},
				"down": {"uv": [1.5, 0, 0, 0], "texture": "#2"}
			}
		},
		{
			"from": [-3.9, 10, 8],
			"to": [-1.1, 13, 8],
			"rotation": {"angle": -45, "axis": "z", "origin": [8, 1, 8]},
			"faces": {
				"north": {"uv": [6.5, 1.5, 8, 3], "texture": "#2"},
				"east": {"uv": [0, 0, 0, 1.5], "texture": "#2"},
				"south": {"uv": [6.5, 3, 8, 4.5], "texture": "#2"},
				"west": {"uv": [0, 0, 0, 1.5], "texture": "#2"},
				"up": {"uv": [1.5, 0, 0, 0], "texture": "#2"},
				"down": {"uv": [1.5, 0, 0, 0], "texture": "#2"}
			}
		},
		{
			"from": [-5.9, 12, 8],
			"to": [-3.1, 15, 8],
			"rotation": {"angle": -45, "axis": "z", "origin": [8, 1, 8]},
			"faces": {
				"north": {"uv": [6.5, 4.5, 8, 6], "texture": "#2"},
				"east": {"uv": [0, 0, 0, 1.5], "texture": "#2"},
				"south": {"uv": [6.5, 6, 8, 7.5], "texture": "#2"},
				"west": {"uv": [0, 0, 0, 1.5], "texture": "#2"},
				"up": {"uv": [1.5, 0, 0, 0], "texture": "#2"},
				"down": {"uv": [1.5, 0, 0, 0], "texture": "#2"}
			}
		},
		{
			"from": [6, 5, 6.9],
			"to": [10, 7, 9.1],
			"faces": {
				"north": {"uv": [0, 7, 2, 8], "texture": "#2"},
				"east": {"uv": [0, 9, 1, 10], "texture": "#2"},
				"south": {"uv": [2, 7, 4, 8], "texture": "#2"},
				"west": {"uv": [1, 9, 2, 10], "texture": "#2"},
				"up": {"uv": [6, 8.5, 4, 7.5], "texture": "#2"},
				"down": {"uv": [8, 7.5, 6, 8.5], "texture": "#2"}
			}
		},
		{
			"from": [6.5, 7, 7.5],
			"to": [9.5, 21, 8.5],
			"rotation": {"angle": 0, "axis": "y", "origin": [0, 0, 0.5]},
			"faces": {
				"north": {"uv": [0, 0, 1.5, 7], "texture": "#2"},
				"east": {"uv": [3, 0, 3.5, 7], "texture": "#2"},
				"south": {"uv": [1.5, 0, 3, 7], "texture": "#2"},
				"west": {"uv": [4, 0, 4.5, 7], "texture": "#2"},
				"up": {"uv": [9.5, 7, 8, 6], "texture": "#2"},
				"down": {"uv": [9.5, 7, 8, 8], "texture": "#2"}
			}
		},
		{
			"from": [8, 20.4, 7.51],
			"to": [10.1, 22.5, 8.49],
			"rotation": {"angle": -45, "axis": "z", "origin": [8, 22.5, 8.5]},
			"faces": {
				"north": {"uv": [6, 10, 7, 11], "texture": "#2"},
				"east": {"uv": [10, 7.5, 11, 8.5], "texture": "#2"},
				"south": {"uv": [8, 10, 9, 11], "texture": "#2"},
				"west": {"uv": [10, 8.5, 11, 9.5], "texture": "#2"},
				"up": {"uv": [10, 11, 9, 10], "texture": "#2"},
				"down": {"uv": [11, 9.5, 10, 10.5], "texture": "#2"}
			}
		},
		{
			"from": [8, 6, 7.2],
			"to": [10, 8, 8.8],
			"rotation": {"angle": -45, "axis": "z", "origin": [8, 8, 8]},
			"faces": {
				"north": {"uv": [7, 9.5, 8, 10.5], "texture": "#2"},
				"east": {"uv": [0, 10, 1, 11], "texture": "#2"},
				"south": {"uv": [1, 10, 2, 11], "texture": "#2"},
				"west": {"uv": [2, 10, 3, 11], "texture": "#2"},
				"up": {"uv": [4, 11, 3, 10], "texture": "#2"},
				"down": {"uv": [6, 10, 5, 11], "texture": "#2"}
			}
		},
		{
			"from": [4.84568, 5.22417, 7],
			"to": [7.84568, 7.22417, 9],
			"rotation": {"angle": -45, "axis": "z", "origin": [5.84568, 6.22417, 8]},
			"faces": {
				"north": {"uv": [0, 8, 1.5, 9], "texture": "#2"},
				"east": {"uv": [9.5, 1, 10.5, 2], "texture": "#2"},
				"south": {"uv": [8, 0, 9.5, 1], "texture": "#2"},
				"west": {"uv": [9.5, 2, 10.5, 3], "texture": "#2"},
				"up": {"uv": [9.5, 2, 8, 1], "texture": "#2"},
				"down": {"uv": [3, 8, 1.5, 9], "texture": "#2"}
			}
		},
		{
			"from": [2.84568, 4.22417, 7.3],
			"to": [6.84568, 5.22417, 8.7],
			"rotation": {"angle": -45, "axis": "z", "origin": [5.84568, 6.22417, 8]},
			"faces": {
				"north": {"uv": [9.5, 4, 11.5, 4.5], "texture": "#2"},
				"east": {"uv": [9.5, 7.5, 10, 8], "texture": "#2"},
				"south": {"uv": [9.5, 4.5, 11.5, 5], "texture": "#2"},
				"west": {"uv": [10.5, 3, 11, 3.5], "texture": "#2"},
				"up": {"uv": [7, 10, 5, 9.5], "texture": "#2"},
				"down": {"uv": [11.5, 5, 9.5, 5.5], "texture": "#2"}
			}
		},
		{
			"from": [5.34568, 2.27583, 7.3],
			"to": [9.34568, 3.27583, 8.7],
			"rotation": {"angle": 45, "axis": "z", "origin": [5.84568, 9.77583, 8]},
			"faces": {
				"north": {"uv": [9.5, 5.5, 11.5, 6], "texture": "#2"},
				"east": {"uv": [10.5, 3.5, 11, 4], "texture": "#2"},
				"south": {"uv": [9.5, 6, 11.5, 6.5], "texture": "#2"},
				"west": {"uv": [7, 10.5, 7.5, 11], "texture": "#2"},
				"up": {"uv": [11.5, 7, 9.5, 6.5], "texture": "#2"},
				"down": {"uv": [11.5, 7, 9.5, 7.5], "texture": "#2"}
			}
		},
		{
			"from": [4.34568, 3.27583, 7],
			"to": [7.34568, 5.27583, 9],
			"rotation": {"angle": 45, "axis": "z", "origin": [5.84568, 9.77583, 8]},
			"faces": {
				"north": {"uv": [8, 2, 9.5, 3], "texture": "#2"},
				"east": {"uv": [9.5, 3, 10.5, 4], "texture": "#2"},
				"south": {"uv": [8, 3, 9.5, 4], "texture": "#2"},
				"west": {"uv": [4, 9.5, 5, 10.5], "texture": "#2"},
				"up": {"uv": [9.5, 5, 8, 4], "texture": "#2"},
				"down": {"uv": [9.5, 5, 8, 6], "texture": "#2"}
			}
		},
		{
			"from": [7.5, 2, 7.5],
			"to": [8.5, 5, 8.5],
			"faces": {
				"north": {"uv": [10.5, 0, 11, 1.5], "texture": "#2"},
				"east": {"uv": [10.5, 1.5, 11, 3], "texture": "#2"},
				"south": {"uv": [4, 10.5, 4.5, 12], "texture": "#2"},
				"west": {"uv": [4.5, 10.5, 5, 12], "texture": "#2"},
				"up": {"uv": [4.5, 7.5, 4, 7], "texture": "#2"},
				"down": {"uv": [5, 7, 4.5, 7.5], "texture": "#2"}
			}
		}
	],
	"display": {
		"thirdperson_righthand": {
			"rotation": [0, -90, 0],
			"translation": [0, 3.25, 1.75],
			"scale": [1.1, 1.1, 1.1]
		},
		"thirdperson_lefthand": {
			"rotation": [0, -90, 0],
			"translation": [0, 3.25, 1.75],
			"scale": [1.1, 1.1, 1.1]
		},
		"firstperson_righthand": {
			"rotation": [0, 90, 0],
			"translation": [0, 3.5, 0]
		},
		"firstperson_lefthand": {
			"rotation": [0, 90, 0],
			"translation": [0, 3.5, 0]
		},
		"ground": {
			"rotation": [0, 0, 45],
			"translation": [0, 2, 0],
			"scale": [0.5, 0.5, 0.5]
		},
		"gui": {
			"rotation": [0, 0, -45],
			"translation": [-1.5, -1.5, 0],
			"scale": [0.9, 0.9, 0.9]
		},
		"head": {
			"rotation": [0, -17, 166],
			"translation": [2.5, 15.75, 0]
		},
		"fixed": {
			"rotation": [110.5, 90, 0],
			"translation": [0, 5, -13.5],
			"scale": [2, 2, 2]
		}
	}
}