{
  "variants": {
    "stage=0": [ { "model": "minecraft:block/birch_sapling" },
    { "model": "minecraft:block/birch_sapling/birch_sapling1" },
    { "model": "minecraft:block/birch_sapling/birch_sapling2" },
    { "model": "minecraft:block/birch_sapling/birch_sapling3" },
    { "model": "minecraft:block/birch_sapling/birch_sapling4" },
    { "model": "minecraft:block/birch_sapling/birch_sapling5" } ],
    "stage=1": [ { "model": "minecraft:block/birch_sapling/birch_sapling_tall" },
    { "model": "minecraft:block/birch_sapling/birch_sapling_tall1" },
    { "model": "minecraft:block/birch_sapling/birch_sapling_tall2" },
    { "model": "minecraft:block/birch_sapling/birch_sapling_tall3" },
    { "model": "minecraft:block/birch_sapling/birch_sapling_tall4" },
    { "model": "minecraft:block/birch_sapling/birch_sapling_tall5" } ]
  }
}