{
  "variants": {
    "": [ { "model": "minecraft:block/dirt", "weight":20 },
      { "model": "minecraft:block/dirt", "x": 90, "weight":20 },
      { "model": "minecraft:block/dirt", "x": 180, "weight":20 },
      { "model": "minecraft:block/dirt", "x": 270, "weight":20 },
      { "model": "minecraft:block/dirt/dirt1", "weight":1 },
      { "model": "minecraft:block/dirt/dirt1", "x": 90, "weight":1 },
      { "model": "minecraft:block/dirt/dirt1", "x": 180, "weight":1 },
      { "model": "minecraft:block/dirt/dirt1", "x": 270, "weight":1 },
      { "model": "minecraft:block/dirt/dirt2", "weight":1 },
      { "model": "minecraft:block/dirt/dirt2", "x": 90, "weight":1 },
      { "model": "minecraft:block/dirt/dirt2", "x": 180, "weight":1 },
      { "model": "minecraft:block/dirt/dirt2", "x": 270, "weight":1 },
      { "model": "minecraft:block/dirt/dirt3", "weight":1 },
      { "model": "minecraft:block/dirt/dirt3", "x": 90, "weight":1 },
      { "model": "minecraft:block/dirt/dirt3", "x": 180, "weight":1 },
      { "model": "minecraft:block/dirt/dirt3", "x": 270, "weight":1 },
      { "model": "minecraft:block/dirt/dirt4", "weight":1 },
      { "model": "minecraft:block/dirt/dirt4", "x": 90, "weight":1 },
      { "model": "minecraft:block/dirt/dirt4", "x": 180, "weight":1 },
      { "model": "minecraft:block/dirt/dirt4", "x": 270, "weight":1 },
      { "model": "minecraft:block/dirt/dirt5", "weight":1 },
      { "model": "minecraft:block/dirt/dirt5", "x": 90, "weight":1 },
      { "model": "minecraft:block/dirt/dirt5", "x": 180, "weight":1 },
      { "model": "minecraft:block/dirt/dirt5", "x": 270, "weight":1 },
      { "model": "minecraft:block/dirt/dirt6", "weight":1 },
      { "model": "minecraft:block/dirt/dirt6", "x": 90, "weight":1 },
      { "model": "minecraft:block/dirt/dirt6","x": 180, "weight":1 },
      { "model": "minecraft:block/dirt/dirt6", "x": 270, "weight":1 },
      { "model": "minecraft:block/dirt/dirt7", "weight":1 },
      { "model": "minecraft:block/dirt/dirt7", "x": 90, "weight":1 },
      { "model": "minecraft:block/dirt/dirt7", "x": 180, "weight":1 },
      { "model": "minecraft:block/dirt/dirt7", "x": 270, "weight":1 } ]
  }
}