{
	"credit": "Made with Blockbench",
	"texture_size": [32, 32],
	"textures": {
		"0": "./heavenly_sword",
		"particle": "./heavenly_sword"
	},
	"elements": [
		{
			"from": [7.5, 0, 7.4],
			"to": [8.5, 1, 8.6],
			"rotation": {"angle": 45, "axis": "z", "origin": [8, 0.5, 8]},
			"faces": {
				"north": {"uv": [6, 5.5, 6.5, 6], "texture": "#0"},
				"east": {"uv": [1, 8.5, 1.5, 9], "texture": "#0"},
				"south": {"uv": [8.5, 1, 9, 1.5], "texture": "#0"},
				"west": {"uv": [1.5, 8.5, 2, 9], "texture": "#0"},
				"up": {"uv": [9, 2, 8.5, 1.5], "texture": "#0"},
				"down": {"uv": [2.5, 8.5, 2, 9], "texture": "#0"}
			}
		},
		{
			"from": [10.94767, 7.38736, 8],
			"to": [11.94767, 8.38736, 8],
			"rotation": {"angle": -22.5, "axis": "z", "origin": [11.44767, 7.88736, 8]},
			"faces": {
				"north": {"uv": [3, 9, 3.5, 9.5], "texture": "#0"},
				"east": {"uv": [0, 0, 0, 0.5], "texture": "#0"},
				"south": {"uv": [9, 3, 9.5, 3.5], "texture": "#0"},
				"west": {"uv": [0, 0, 0, 0.5], "texture": "#0"},
				"up": {"uv": [0.5, 0, 0, 0], "texture": "#0"},
				"down": {"uv": [0.5, 0, 0, 0], "texture": "#0"}
			}
		},
		{
			"from": [11.94767, 5.38736, 8],
			"to": [12.94767, 7.38736, 8],
			"rotation": {"angle": -22.5, "axis": "z", "origin": [11.44767, 7.88736, 8]},
			"faces": {
				"north": {"uv": [4, 8, 4.5, 9], "texture": "#0"},
				"east": {"uv": [0, 0, 0, 1], "texture": "#0"},
				"south": {"uv": [5.5, 8, 6, 9], "texture": "#0"},
				"west": {"uv": [0, 0, 0, 1], "texture": "#0"},
				"up": {"uv": [0.5, 0, 0, 0], "texture": "#0"},
				"down": {"uv": [0.5, 0, 0, 0], "texture": "#0"}
			}
		},
		{
			"from": [11.44767, 6.88736, 8],
			"to": [12.44767, 7.88736, 8],
			"rotation": {"angle": -22.5, "axis": "z", "origin": [11.44767, 7.88736, 8]},
			"faces": {
				"north": {"uv": [3.5, 9, 4, 9.5], "texture": "#0"},
				"east": {"uv": [0, 0, 0, 0.5], "texture": "#0"},
				"south": {"uv": [9, 3.5, 9.5, 4], "texture": "#0"},
				"west": {"uv": [0, 0, 0, 0.5], "texture": "#0"},
				"up": {"uv": [0.5, 0, 0, 0], "texture": "#0"},
				"down": {"uv": [0.5, 0, 0, 0], "texture": "#0"}
			}
		},
		{
			"from": [7.5, 6.47107, 7.5],
			"to": [8.5, 7.47107, 8.5],
			"rotation": {"angle": 0, "axis": "z", "origin": [8, 7.57107, 8]},
			"faces": {
				"north": {"uv": [8.5, 3.5, 9, 4], "texture": "#0"},
				"east": {"uv": [4.5, 8.5, 5, 9], "texture": "#0"},
				"south": {"uv": [5, 8.5, 5.5, 9], "texture": "#0"},
				"west": {"uv": [8.5, 5.5, 9, 6], "texture": "#0"},
				"up": {"uv": [9, 6.5, 8.5, 6], "texture": "#0"},
				"down": {"uv": [7, 8.5, 6.5, 9], "texture": "#0"}
			}
		},
		{
			"from": [10.5, 3, 7.3],
			"to": [11.5, 7, 8.7],
			"rotation": {"angle": 45, "axis": "z", "origin": [8, 0.5, 8.1]},
			"faces": {
				"north": {"uv": [5, 2, 5.5, 4], "texture": "#0"},
				"east": {"uv": [5, 4, 5.5, 6], "texture": "#0"},
				"south": {"uv": [5.5, 0, 6, 2], "texture": "#0"},
				"west": {"uv": [5.5, 2, 6, 4], "texture": "#0"},
				"up": {"uv": [9, 3, 8.5, 2.5], "texture": "#0"},
				"down": {"uv": [3.5, 8.5, 3, 9], "texture": "#0"}
			}
		},
		{
			"from": [4.5, 4, 7.3],
			"to": [5.5, 7, 8.7],
			"rotation": {"angle": -45, "axis": "z", "origin": [8, 0.5, 8.1]},
			"faces": {
				"north": {"uv": [5.5, 6.5, 6, 8], "texture": "#0"},
				"east": {"uv": [6.5, 5.5, 7, 7], "texture": "#0"},
				"south": {"uv": [6, 6.5, 6.5, 8], "texture": "#0"},
				"west": {"uv": [0, 7, 0.5, 8.5], "texture": "#0"},
				"up": {"uv": [9, 3.5, 8.5, 3], "texture": "#0"},
				"down": {"uv": [4, 8.5, 3.5, 9], "texture": "#0"}
			}
		},
		{
			"from": [3.3, 6.5, 7.5],
			"to": [4.3, 9.5, 8.5],
			"rotation": {"angle": -45, "axis": "z", "origin": [8, 0.5, 8]},
			"faces": {
				"north": {"uv": [3.5, 7, 4, 8.5], "texture": "#0"},
				"east": {"uv": [6.5, 7, 7, 8.5], "texture": "#0"},
				"south": {"uv": [7, 6.5, 7.5, 8], "texture": "#0"},
				"west": {"uv": [7.5, 0, 8, 1.5], "texture": "#0"},
				"up": {"uv": [3, 9.5, 2.5, 9], "texture": "#0"},
				"down": {"uv": [9.5, 2.5, 9, 3], "texture": "#0"}
			}
		},
		{
			"from": [1.3, 7.3, 7.5],
			"to": [2.3, 8.3, 8.5],
			"rotation": {"angle": -45, "axis": "z", "origin": [8, -0.5, 8]},
			"faces": {
				"north": {"uv": [9, 6, 9.5, 6.5], "texture": "#0"},
				"east": {"uv": [6.5, 9, 7, 9.5], "texture": "#0"},
				"south": {"uv": [7, 9, 7.5, 9.5], "texture": "#0"},
				"west": {"uv": [9, 7, 9.5, 7.5], "texture": "#0"},
				"up": {"uv": [8, 9.5, 7.5, 9], "texture": "#0"},
				"down": {"uv": [9.5, 7.5, 9, 8], "texture": "#0"}
			}
		},
		{
			"from": [13.7, 7.3, 7.5],
			"to": [14.7, 8.3, 8.5],
			"rotation": {"angle": 45, "axis": "z", "origin": [8, -0.5, 8]},
			"faces": {
				"north": {"uv": [8, 9, 8.5, 9.5], "texture": "#0"},
				"east": {"uv": [9, 8, 9.5, 8.5], "texture": "#0"},
				"south": {"uv": [8.5, 9, 9, 9.5], "texture": "#0"},
				"west": {"uv": [9, 8.5, 9.5, 9], "texture": "#0"},
				"up": {"uv": [9.5, 9.5, 9, 9], "texture": "#0"},
				"down": {"uv": [0.5, 9.5, 0, 10], "texture": "#0"}
			}
		},
		{
			"from": [3.55233, 6.88736, 8],
			"to": [4.55233, 7.88736, 8],
			"rotation": {"angle": 22.5, "axis": "z", "origin": [4.55233, 7.88736, 8]},
			"faces": {
				"north": {"uv": [9, 5.5, 9.5, 6], "texture": "#0"},
				"east": {"uv": [0, 0, 0, 0.5], "texture": "#0"},
				"south": {"uv": [6, 9, 6.5, 9.5], "texture": "#0"},
				"west": {"uv": [0, 0, 0, 0.5], "texture": "#0"},
				"up": {"uv": [0.5, 0, 0, 0], "texture": "#0"},
				"down": {"uv": [0.5, 0, 0, 0], "texture": "#0"}
			}
		},
		{
			"from": [3.05233, 5.38736, 8],
			"to": [4.05233, 7.38736, 8],
			"rotation": {"angle": 22.5, "axis": "z", "origin": [4.55233, 7.88736, 8]},
			"faces": {
				"north": {"uv": [6, 8, 6.5, 9], "texture": "#0"},
				"east": {"uv": [0, 0, 0, 1], "texture": "#0"},
				"south": {"uv": [7, 8, 7.5, 9], "texture": "#0"},
				"west": {"uv": [0, 0, 0, 1], "texture": "#0"},
				"up": {"uv": [0.5, 0, 0, 0], "texture": "#0"},
				"down": {"uv": [0.5, 0, 0, 0], "texture": "#0"}
			}
		},
		{
			"from": [4.05233, 7.38736, 8],
			"to": [5.05233, 8.38736, 8],
			"rotation": {"angle": 22.5, "axis": "z", "origin": [4.55233, 7.88736, 8]},
			"faces": {
				"north": {"uv": [5, 9, 5.5, 9.5], "texture": "#0"},
				"east": {"uv": [0, 0, 0, 0.5], "texture": "#0"},
				"south": {"uv": [5.5, 9, 6, 9.5], "texture": "#0"},
				"west": {"uv": [0, 0, 0, 0.5], "texture": "#0"},
				"up": {"uv": [0.5, 0, 0, 0], "texture": "#0"},
				"down": {"uv": [0.5, 0, 0, 0], "texture": "#0"}
			}
		},
		{
			"from": [11.7, 6.5, 7.5],
			"to": [12.7, 9.5, 8.5],
			"rotation": {"angle": 45, "axis": "z", "origin": [8, 0.5, 8]},
			"faces": {
				"north": {"uv": [7.5, 1.5, 8, 3], "texture": "#0"},
				"east": {"uv": [7.5, 6.5, 8, 8], "texture": "#0"},
				"south": {"uv": [8, 0, 8.5, 1.5], "texture": "#0"},
				"west": {"uv": [8, 1.5, 8.5, 3], "texture": "#0"},
				"up": {"uv": [4.5, 9.5, 4, 9], "texture": "#0"},
				"down": {"uv": [5, 9, 4.5, 9.5], "texture": "#0"}
			}
		},
		{
			"from": [10.5, 6.8, 7.3],
			"to": [11.5, 10.8, 8.7],
			"rotation": {"angle": -45, "axis": "z", "origin": [8, 13.3, 8.1]},
			"faces": {
				"north": {"uv": [5.5, 4, 6, 6], "texture": "#0"},
				"east": {"uv": [6, 0, 6.5, 2], "texture": "#0"},
				"south": {"uv": [6, 2, 6.5, 4], "texture": "#0"},
				"west": {"uv": [4, 6, 4.5, 8], "texture": "#0"},
				"up": {"uv": [9, 8.5, 8.5, 8], "texture": "#0"},
				"down": {"uv": [9, 8.5, 8.5, 9], "texture": "#0"}
			}
		},
		{
			"from": [4.5, 6.8, 7.3],
			"to": [5.5, 9.8, 8.7],
			"rotation": {"angle": 45, "axis": "z", "origin": [8, 13.3, 8.1]},
			"faces": {
				"north": {"uv": [7, 0, 7.5, 1.5], "texture": "#0"},
				"east": {"uv": [0.5, 7, 1, 8.5], "texture": "#0"},
				"south": {"uv": [1, 7, 1.5, 8.5], "texture": "#0"},
				"west": {"uv": [1.5, 7, 2, 8.5], "texture": "#0"},
				"up": {"uv": [9, 7.5, 8.5, 7], "texture": "#0"},
				"down": {"uv": [9, 7.5, 8.5, 8], "texture": "#0"}
			}
		},
		{
			"from": [6.02629, 4.80048, 7.4],
			"to": [7.02629, 8.80048, 8.6],
			"rotation": {"angle": 0, "axis": "z", "origin": [8.17678, 6.9, 8.1]},
			"faces": {
				"north": {"uv": [6.5, 0, 7, 2], "texture": "#0"},
				"east": {"uv": [6.5, 2, 7, 4], "texture": "#0"},
				"south": {"uv": [4.5, 6.5, 5, 8.5], "texture": "#0"},
				"west": {"uv": [5, 6.5, 5.5, 8.5], "texture": "#0"},
				"up": {"uv": [2.5, 9.5, 2, 9], "texture": "#0"},
				"down": {"uv": [9.5, 2, 9, 2.5], "texture": "#0"}
			}
		},
		{
			"from": [6.07726, 4.74952, 7.4],
			"to": [10.07726, 5.74952, 8.6],
			"rotation": {"angle": 0, "axis": "z", "origin": [8.17678, 6.9, 8.1]},
			"faces": {
				"north": {"uv": [6, 4, 8, 4.5], "texture": "#0"},
				"east": {"uv": [1.5, 9, 2, 9.5], "texture": "#0"},
				"south": {"uv": [4.5, 6, 6.5, 6.5], "texture": "#0"},
				"west": {"uv": [9, 1.5, 9.5, 2], "texture": "#0"},
				"up": {"uv": [8, 5, 6, 4.5], "texture": "#0"},
				"down": {"uv": [8, 5, 6, 5.5], "texture": "#0"}
			}
		},
		{
			"from": [7.02629, 7.80048, 7.4],
			"to": [10.02629, 8.80048, 8.6],
			"rotation": {"angle": 0, "axis": "z", "origin": [8.17678, 6.9, 8.1]},
			"faces": {
				"north": {"uv": [7, 3, 8.5, 3.5], "texture": "#0"},
				"east": {"uv": [1, 9, 1.5, 9.5], "texture": "#0"},
				"south": {"uv": [7, 3.5, 8.5, 4], "texture": "#0"},
				"west": {"uv": [9, 1, 9.5, 1.5], "texture": "#0"},
				"up": {"uv": [8.5, 6, 7, 5.5], "texture": "#0"},
				"down": {"uv": [8.5, 6, 7, 6.5], "texture": "#0"}
			}
		},
		{
			"from": [9.07726, 5.74952, 7.4],
			"to": [10.07726, 8.74952, 8.6],
			"rotation": {"angle": 0, "axis": "z", "origin": [8.17678, 6.9, 8.1]},
			"faces": {
				"north": {"uv": [7, 1.5, 7.5, 3], "texture": "#0"},
				"east": {"uv": [2, 7, 2.5, 8.5], "texture": "#0"},
				"south": {"uv": [2.5, 7, 3, 8.5], "texture": "#0"},
				"west": {"uv": [3, 7, 3.5, 8.5], "texture": "#0"},
				"up": {"uv": [9.5, 0.5, 9, 0], "texture": "#0"},
				"down": {"uv": [9.5, 0.5, 9, 1], "texture": "#0"}
			}
		},
		{
			"from": [7.5, 0.91421, 7.5],
			"to": [8.5, 4.91421, 8.5],
			"rotation": {"angle": 0, "axis": "z", "origin": [8, 1.91421, 8]},
			"faces": {
				"north": {"uv": [4, 2, 4.5, 4], "texture": "#0"},
				"east": {"uv": [4, 4, 4.5, 6], "texture": "#0"},
				"south": {"uv": [4.5, 2, 5, 4], "texture": "#0"},
				"west": {"uv": [4.5, 4, 5, 6], "texture": "#0"},
				"up": {"uv": [9, 2.5, 8.5, 2], "texture": "#0"},
				"down": {"uv": [3, 8.5, 2.5, 9], "texture": "#0"}
			}
		},
		{
			"from": [7.5, 8.91421, 7.4],
			"to": [8.5, 10.91421, 8.6],
			"rotation": {"angle": 0, "axis": "z", "origin": [8, 1.91421, 8]},
			"faces": {
				"north": {"uv": [8, 7, 8.5, 8], "texture": "#0"},
				"east": {"uv": [7.5, 8, 8, 9], "texture": "#0"},
				"south": {"uv": [8, 8, 8.5, 9], "texture": "#0"},
				"west": {"uv": [0, 8.5, 0.5, 9.5], "texture": "#0"},
				"up": {"uv": [10, 0.5, 9.5, 0], "texture": "#0"},
				"down": {"uv": [1, 9.5, 0.5, 10], "texture": "#0"}
			}
		},
		{
			"from": [7, 10.41421, 7.4],
			"to": [8, 11.41421, 8.6],
			"rotation": {"angle": 45, "axis": "z", "origin": [8, 11.41421, 7.9]},
			"faces": {
				"north": {"uv": [9.5, 0.5, 10, 1], "texture": "#0"},
				"east": {"uv": [1, 9.5, 1.5, 10], "texture": "#0"},
				"south": {"uv": [9.5, 1, 10, 1.5], "texture": "#0"},
				"west": {"uv": [1.5, 9.5, 2, 10], "texture": "#0"},
				"up": {"uv": [10, 2, 9.5, 1.5], "texture": "#0"},
				"down": {"uv": [2.5, 9.5, 2, 10], "texture": "#0"}
			}
		},
		{
			"from": [6.5, 8.61421, 7.5],
			"to": [9.5, 22.61421, 8.5],
			"rotation": {"angle": 0, "axis": "z", "origin": [8, 0.91421, 8]},
			"faces": {
				"north": {"uv": [0, 0, 1.5, 7], "texture": "#0"},
				"east": {"uv": [3, 0, 3.5, 7], "texture": "#0"},
				"south": {"uv": [1.5, 0, 3, 7], "texture": "#0"},
				"west": {"uv": [3.5, 0, 4, 7], "texture": "#0"},
				"up": {"uv": [9.5, 4.5, 8, 4], "texture": "#0"},
				"down": {"uv": [9.5, 4.5, 8, 5], "texture": "#0"}
			}
		},
		{
			"from": [5.8, 20.9, 7.5],
			"to": [8.3, 23.3, 8.5],
			"rotation": {"angle": -45, "axis": "z", "origin": [8, 21.11421, 8]},
			"faces": {
				"north": {"uv": [4, 0, 5.5, 1], "texture": "#0"},
				"east": {"uv": [8.5, 0, 9, 1], "texture": "#0"},
				"south": {"uv": [4, 1, 5.5, 2], "texture": "#0"},
				"west": {"uv": [0.5, 8.5, 1, 9.5], "texture": "#0"},
				"up": {"uv": [9.5, 5.5, 8, 5], "texture": "#0"},
				"down": {"uv": [9.5, 6.5, 8, 7], "texture": "#0"}
			}
		}
	],
	"display": {
		"thirdperson_righthand": {
			"rotation": [0, -90, 0],
			"translation": [0, 3.25, 0.75]
		},
		"thirdperson_lefthand": {
			"rotation": [0, -90, 0],
			"translation": [0, 3.25, 0.75]
		},
		"firstperson_righthand": {
			"rotation": [0, -90, -10],
			"translation": [1.13, 3.2, 1.13]
		},
		"firstperson_lefthand": {
			"rotation": [0, 90, 10],
			"translation": [1.13, 3.2, 1.13]
		},
		"gui": {
			"rotation": [0, -180, 45],
			"translation": [-2.5, -2.5, 0],
			"scale": [0.85, 0.85, 0.85]
		},
		"head": {
			"rotation": [180, 0, 0],
			"translation": [0, 14.75, 0]
		},
		"fixed": {
			"rotation": [0, 0, 45],
			"translation": [2.75, -2.75, 0]
		}
	}
}