{
  "multipart": [
    { "apply": { "model": "minecraft:block/chiseled_bookshelf", "uvlock": true, "y": 0 },
      "when": { "facing": "north" } },
    { "apply": [ { "model": "minecraft:block/chiseled_bookshelf_occupied_slot_top_mid", "y": 0, "weight": 100 },
      { "model": "minecraft:block/chiseled_bookshelf/chiseled_bookshelf_occupied_slot_top_mid1", "y": 0, "weight": 101 },
      { "model": "minecraft:block/chiseled_bookshelf/chiseled_bookshelf_occupied_slot_top_mid2", "y": 0, "weight": 102 },
      { "model": "minecraft:block/chiseled_bookshelf/chiseled_bookshelf_occupied_slot_top_mid3", "y": 0, "weight": 103 },
      { "model": "minecraft:block/chiseled_bookshelf/chiseled_bookshelf_occupied_slot_top_mid4", "y": 0, "weight": 104 },
      { "model": "minecraft:block/chiseled_bookshelf/chiseled_bookshelf_occupied_slot_top_mid5", "y": 0, "weight": 105 },
      { "model": "minecraft:block/chiseled_bookshelf/chiseled_bookshelf_occupied_slot_top_mid6", "y": 0, "weight": 106 },
      { "model": "minecraft:block/chiseled_bookshelf/chiseled_bookshelf_occupied_slot_top_mid7", "y": 0, "weight": 107 },
      { "model": "minecraft:block/chiseled_bookshelf/chiseled_bookshelf_occupied_slot_top_mid8", "y": 0, "weight": 108 },
      { "model": "minecraft:block/chiseled_bookshelf/chiseled_bookshelf_occupied_slot_top_mid9", "y": 0, "weight": 109 },
      { "model": "minecraft:block/chiseled_bookshelf/chiseled_bookshelf_occupied_slot_top_mid10", "y": 0, "weight": 110 },
      { "model": "minecraft:block/chiseled_bookshelf/chiseled_bookshelf_occupied_slot_top_mid11", "y": 0, "weight": 111 } ],
      "when": { "AND": [ { "facing": "north" }, { "slot_1_occupied": "true" } ] } },
    { "apply": { "model": "minecraft:block/chiseled_bookshelf_empty", "y": 0 },
      "when": { "AND": [ { "facing": "north" }, { "slot_1_occupied": "false" } ] } },
    { "apply": [ { "model": "minecraft:block/chiseled_bookshelf_occupied_slot_bottom_left", "y": 0, "weight": 200 },
      { "model": "minecraft:block/chiseled_bookshelf/chiseled_bookshelf_occupied_slot_bottom_left1", "y": 0, "weight": 201 },
      { "model": "minecraft:block/chiseled_bookshelf/chiseled_bookshelf_occupied_slot_bottom_left2", "y": 0, "weight": 202 },
      { "model": "minecraft:block/chiseled_bookshelf/chiseled_bookshelf_occupied_slot_bottom_left3", "y": 0, "weight": 203 },
      { "model": "minecraft:block/chiseled_bookshelf/chiseled_bookshelf_occupied_slot_bottom_left4", "y": 0, "weight": 204 },
      { "model": "minecraft:block/chiseled_bookshelf/chiseled_bookshelf_occupied_slot_bottom_left5", "y": 0, "weight": 205 },
      { "model": "minecraft:block/chiseled_bookshelf/chiseled_bookshelf_occupied_slot_bottom_left6", "y": 0, "weight": 206 },
      { "model": "minecraft:block/chiseled_bookshelf/chiseled_bookshelf_occupied_slot_bottom_left7", "y": 0, "weight": 207 },
      { "model": "minecraft:block/chiseled_bookshelf/chiseled_bookshelf_occupied_slot_bottom_left8", "y": 0, "weight": 208 },
      { "model": "minecraft:block/chiseled_bookshelf/chiseled_bookshelf_occupied_slot_bottom_left9", "y": 0, "weight": 209 },
      { "model": "minecraft:block/chiseled_bookshelf/chiseled_bookshelf_occupied_slot_bottom_left10", "y": 0, "weight": 210 },
      { "model": "minecraft:block/chiseled_bookshelf/chiseled_bookshelf_occupied_slot_bottom_left11", "y": 0, "weight": 211 } ],
      "when": { "AND": [ { "facing": "north" }, { "slot_3_occupied": "true" } ] } },
    { "apply": { "model": "minecraft:block/chiseled_bookshelf_empty", "y": 0 },
      "when": { "AND": [ { "facing": "north" }, { "slot_3_occupied": "false" } ] } },
    { "apply": [ { "model": "minecraft:block/chiseled_bookshelf_occupied_slot_bottom_right", "y": 0, "weight": 300 },
    { "model": "minecraft:block/chiseled_bookshelf/chiseled_bookshelf_occupied_slot_bottom_right1", "y": 0, "weight": 301 },
    { "model": "minecraft:block/chiseled_bookshelf/chiseled_bookshelf_occupied_slot_bottom_right2", "y": 0, "weight": 302 },
    { "model": "minecraft:block/chiseled_bookshelf/chiseled_bookshelf_occupied_slot_bottom_right3", "y": 0, "weight": 303 },
    { "model": "minecraft:block/chiseled_bookshelf/chiseled_bookshelf_occupied_slot_bottom_right4", "y": 0, "weight": 304 },
    { "model": "minecraft:block/chiseled_bookshelf/chiseled_bookshelf_occupied_slot_bottom_right5", "y": 0, "weight": 305 },
    { "model": "minecraft:block/chiseled_bookshelf/chiseled_bookshelf_occupied_slot_bottom_right6", "y": 0, "weight": 306 },
    { "model": "minecraft:block/chiseled_bookshelf/chiseled_bookshelf_occupied_slot_bottom_right7", "y": 0, "weight": 307 },
    { "model": "minecraft:block/chiseled_bookshelf/chiseled_bookshelf_occupied_slot_bottom_right8", "y": 0, "weight": 308 },
    { "model": "minecraft:block/chiseled_bookshelf/chiseled_bookshelf_occupied_slot_bottom_right9", "y": 0, "weight": 309 },
    { "model": "minecraft:block/chiseled_bookshelf/chiseled_bookshelf_occupied_slot_bottom_right10", "y": 0, "weight": 310 },
    { "model": "minecraft:block/chiseled_bookshelf/chiseled_bookshelf_occupied_slot_bottom_right11", "y": 0, "weight": 311 } ],
      "when": { "AND": [ { "facing": "north" }, { "slot_5_occupied": "true" } ] } },
    { "apply": { "model": "minecraft:block/chiseled_bookshelf_empty", "y": 0 },
      "when": { "AND": [ { "facing": "north" }, { "slot_5_occupied": "false" } ] } },
    { "apply": [ { "model": "minecraft:block/chiseled_bookshelf_occupied_slot_top_left", "y": 0, "weight": 400 },
    { "model": "minecraft:block/chiseled_bookshelf/chiseled_bookshelf_occupied_slot_top_left1", "y": 0, "weight": 401 },
    { "model": "minecraft:block/chiseled_bookshelf/chiseled_bookshelf_occupied_slot_top_left2", "y": 0, "weight": 402 },
    { "model": "minecraft:block/chiseled_bookshelf/chiseled_bookshelf_occupied_slot_top_left3", "y": 0, "weight": 403 },
    { "model": "minecraft:block/chiseled_bookshelf/chiseled_bookshelf_occupied_slot_top_left4", "y": 0, "weight": 404 },
    { "model": "minecraft:block/chiseled_bookshelf/chiseled_bookshelf_occupied_slot_top_left5", "y": 0, "weight": 405 },
    { "model": "minecraft:block/chiseled_bookshelf/chiseled_bookshelf_occupied_slot_top_left6", "y": 0, "weight": 406 },
    { "model": "minecraft:block/chiseled_bookshelf/chiseled_bookshelf_occupied_slot_top_left7", "y": 0, "weight": 407 },
    { "model": "minecraft:block/chiseled_bookshelf/chiseled_bookshelf_occupied_slot_top_left8", "y": 0, "weight": 408 },
    { "model": "minecraft:block/chiseled_bookshelf/chiseled_bookshelf_occupied_slot_top_left9", "y": 0, "weight": 409 },
    { "model": "minecraft:block/chiseled_bookshelf/chiseled_bookshelf_occupied_slot_top_left10", "y": 0, "weight": 410 },
    { "model": "minecraft:block/chiseled_bookshelf/chiseled_bookshelf_occupied_slot_top_left11", "y": 0, "weight": 411 } ],
      "when": { "AND": [ { "facing": "north" }, { "slot_0_occupied": "true" } ] } },
    { "apply": { "model": "minecraft:block/chiseled_bookshelf_empty", "y": 0 },
      "when": { "AND": [ { "facing": "north" }, { "slot_0_occupied": "false" } ] } },
    { "apply": [ { "model": "minecraft:block/chiseled_bookshelf_occupied_slot_bottom_mid", "y": 0, "weight": 500 },
    { "model": "minecraft:block/chiseled_bookshelf/chiseled_bookshelf_occupied_slot_bottom_mid1", "y": 0, "weight": 501 },
    { "model": "minecraft:block/chiseled_bookshelf/chiseled_bookshelf_occupied_slot_bottom_mid2", "y": 0, "weight": 502 },
    { "model": "minecraft:block/chiseled_bookshelf/chiseled_bookshelf_occupied_slot_bottom_mid3", "y": 0, "weight": 503 },
    { "model": "minecraft:block/chiseled_bookshelf/chiseled_bookshelf_occupied_slot_bottom_mid4", "y": 0, "weight": 504 },
    { "model": "minecraft:block/chiseled_bookshelf/chiseled_bookshelf_occupied_slot_bottom_mid5", "y": 0, "weight": 505 },
    { "model": "minecraft:block/chiseled_bookshelf/chiseled_bookshelf_occupied_slot_bottom_mid6", "y": 0, "weight": 506 },
    { "model": "minecraft:block/chiseled_bookshelf/chiseled_bookshelf_occupied_slot_bottom_mid7", "y": 0, "weight": 507 },
    { "model": "minecraft:block/chiseled_bookshelf/chiseled_bookshelf_occupied_slot_bottom_mid8", "y": 0, "weight": 508 },
    { "model": "minecraft:block/chiseled_bookshelf/chiseled_bookshelf_occupied_slot_bottom_mid9", "y": 0, "weight": 509 },
    { "model": "minecraft:block/chiseled_bookshelf/chiseled_bookshelf_occupied_slot_bottom_mid10", "y": 0, "weight": 510 },
    { "model": "minecraft:block/chiseled_bookshelf/chiseled_bookshelf_occupied_slot_bottom_mid11", "y": 0, "weight": 511 } ],
      "when": { "AND": [ { "facing": "north" }, { "slot_4_occupied": "true" } ] } },
    { "apply": { "model": "minecraft:block/chiseled_bookshelf_empty", "y": 0 },
      "when": { "AND": [ { "facing": "north" }, { "slot_4_occupied": "false" } ] } },
    { "apply": [ { "model": "minecraft:block/chiseled_bookshelf_occupied_slot_top_right", "y": 0, "weight": 600 },
    { "model": "minecraft:block/chiseled_bookshelf/chiseled_bookshelf_occupied_slot_top_right1", "y": 0, "weight": 601 },
    { "model": "minecraft:block/chiseled_bookshelf/chiseled_bookshelf_occupied_slot_top_right2", "y": 0, "weight": 602 },
    { "model": "minecraft:block/chiseled_bookshelf/chiseled_bookshelf_occupied_slot_top_right3", "y": 0, "weight": 603 },
    { "model": "minecraft:block/chiseled_bookshelf/chiseled_bookshelf_occupied_slot_top_right4", "y": 0, "weight": 604 },
    { "model": "minecraft:block/chiseled_bookshelf/chiseled_bookshelf_occupied_slot_top_right5", "y": 0, "weight": 605 },
    { "model": "minecraft:block/chiseled_bookshelf/chiseled_bookshelf_occupied_slot_top_right6", "y": 0, "weight": 606 },
    { "model": "minecraft:block/chiseled_bookshelf/chiseled_bookshelf_occupied_slot_top_right7", "y": 0, "weight": 607 },
    { "model": "minecraft:block/chiseled_bookshelf/chiseled_bookshelf_occupied_slot_top_right8", "y": 0, "weight": 608 },
    { "model": "minecraft:block/chiseled_bookshelf/chiseled_bookshelf_occupied_slot_top_right9", "y": 0, "weight": 609 },
    { "model": "minecraft:block/chiseled_bookshelf/chiseled_bookshelf_occupied_slot_top_right10", "y": 0, "weight": 610 },
    { "model": "minecraft:block/chiseled_bookshelf/chiseled_bookshelf_occupied_slot_top_right11", "y": 0, "weight": 611 } ],
      "when": { "AND": [ { "facing": "north" }, { "slot_2_occupied": "true" } ] } },
    { "apply": { "model": "minecraft:block/chiseled_bookshelf_empty", "y": 0 },
      "when": { "AND": [ { "facing": "north" }, { "slot_2_occupied": "false" } ] } },
    { "apply": { "model": "minecraft:block/chiseled_bookshelf", "uvlock": true, "y": 270 },
      "when": { "facing": "west" } },
    { "apply": [ { "model": "minecraft:block/chiseled_bookshelf_occupied_slot_top_mid", "y": 270, "weight": 100 },
      { "model": "minecraft:block/chiseled_bookshelf/chiseled_bookshelf_occupied_slot_top_mid1", "y": 270, "weight": 101 },
      { "model": "minecraft:block/chiseled_bookshelf/chiseled_bookshelf_occupied_slot_top_mid2", "y": 270, "weight": 102 },
      { "model": "minecraft:block/chiseled_bookshelf/chiseled_bookshelf_occupied_slot_top_mid3", "y": 270, "weight": 103 },
      { "model": "minecraft:block/chiseled_bookshelf/chiseled_bookshelf_occupied_slot_top_mid4", "y": 270, "weight": 104 },
      { "model": "minecraft:block/chiseled_bookshelf/chiseled_bookshelf_occupied_slot_top_mid5", "y": 270, "weight": 105 },
      { "model": "minecraft:block/chiseled_bookshelf/chiseled_bookshelf_occupied_slot_top_mid6", "y": 270, "weight": 106 },
      { "model": "minecraft:block/chiseled_bookshelf/chiseled_bookshelf_occupied_slot_top_mid7", "y": 270, "weight": 107 },
      { "model": "minecraft:block/chiseled_bookshelf/chiseled_bookshelf_occupied_slot_top_mid8", "y": 270, "weight": 108 },
      { "model": "minecraft:block/chiseled_bookshelf/chiseled_bookshelf_occupied_slot_top_mid9", "y": 270, "weight": 109 },
      { "model": "minecraft:block/chiseled_bookshelf/chiseled_bookshelf_occupied_slot_top_mid10", "y": 270, "weight": 110 },
      { "model": "minecraft:block/chiseled_bookshelf/chiseled_bookshelf_occupied_slot_top_mid11", "y": 270, "weight": 111 } ],
      "when": { "AND": [ { "facing": "west" }, { "slot_1_occupied": "true" } ] } },
    { "apply": { "model": "minecraft:block/chiseled_bookshelf_empty", "y": 270 },
      "when": { "AND": [ { "facing": "west" }, { "slot_1_occupied": "false" } ] } },
    { "apply": [ { "model": "minecraft:block/chiseled_bookshelf_occupied_slot_bottom_left", "y": 270, "weight": 200 },
    { "model": "minecraft:block/chiseled_bookshelf/chiseled_bookshelf_occupied_slot_bottom_left1", "y": 270, "weight": 201 },
    { "model": "minecraft:block/chiseled_bookshelf/chiseled_bookshelf_occupied_slot_bottom_left2", "y": 270, "weight": 202 },
    { "model": "minecraft:block/chiseled_bookshelf/chiseled_bookshelf_occupied_slot_bottom_left3", "y": 270, "weight": 203 },
    { "model": "minecraft:block/chiseled_bookshelf/chiseled_bookshelf_occupied_slot_bottom_left4", "y": 270, "weight": 204 },
    { "model": "minecraft:block/chiseled_bookshelf/chiseled_bookshelf_occupied_slot_bottom_left5", "y": 270, "weight": 205 },
    { "model": "minecraft:block/chiseled_bookshelf/chiseled_bookshelf_occupied_slot_bottom_left6", "y": 270, "weight": 206 },
    { "model": "minecraft:block/chiseled_bookshelf/chiseled_bookshelf_occupied_slot_bottom_left7", "y": 270, "weight": 207 },
    { "model": "minecraft:block/chiseled_bookshelf/chiseled_bookshelf_occupied_slot_bottom_left8", "y": 270, "weight": 208 },
    { "model": "minecraft:block/chiseled_bookshelf/chiseled_bookshelf_occupied_slot_bottom_left9", "y": 270, "weight": 209 },
    { "model": "minecraft:block/chiseled_bookshelf/chiseled_bookshelf_occupied_slot_bottom_left10", "y": 270, "weight": 210 },
    { "model": "minecraft:block/chiseled_bookshelf/chiseled_bookshelf_occupied_slot_bottom_left11", "y": 270, "weight": 211 } ],
      "when": { "AND": [ { "facing": "west" }, { "slot_3_occupied": "true" } ] } },
    { "apply": { "model": "minecraft:block/chiseled_bookshelf_empty", "y": 270 },
      "when": { "AND": [ { "facing": "west" }, { "slot_3_occupied": "false" } ] } },
    { "apply": [ { "model": "minecraft:block/chiseled_bookshelf_occupied_slot_bottom_right", "y": 270, "weight": 300 },
    { "model": "minecraft:block/chiseled_bookshelf/chiseled_bookshelf_occupied_slot_bottom_right1", "y": 270, "weight": 301 },
    { "model": "minecraft:block/chiseled_bookshelf/chiseled_bookshelf_occupied_slot_bottom_right2", "y": 270, "weight": 302 },
    { "model": "minecraft:block/chiseled_bookshelf/chiseled_bookshelf_occupied_slot_bottom_right3", "y": 270, "weight": 303 },
    { "model": "minecraft:block/chiseled_bookshelf/chiseled_bookshelf_occupied_slot_bottom_right4", "y": 270, "weight": 304 },
    { "model": "minecraft:block/chiseled_bookshelf/chiseled_bookshelf_occupied_slot_bottom_right5", "y": 270, "weight": 305 },
    { "model": "minecraft:block/chiseled_bookshelf/chiseled_bookshelf_occupied_slot_bottom_right6", "y": 270, "weight": 306 },
    { "model": "minecraft:block/chiseled_bookshelf/chiseled_bookshelf_occupied_slot_bottom_right7", "y": 270, "weight": 307 },
    { "model": "minecraft:block/chiseled_bookshelf/chiseled_bookshelf_occupied_slot_bottom_right8", "y": 270, "weight": 308 },
    { "model": "minecraft:block/chiseled_bookshelf/chiseled_bookshelf_occupied_slot_bottom_right9", "y": 270, "weight": 309 },
    { "model": "minecraft:block/chiseled_bookshelf/chiseled_bookshelf_occupied_slot_bottom_right10", "y": 270, "weight": 310 },
    { "model": "minecraft:block/chiseled_bookshelf/chiseled_bookshelf_occupied_slot_bottom_right11", "y": 270, "weight": 311 } ],
      "when": { "AND": [ { "facing": "west" }, { "slot_5_occupied": "true" } ] } },
    { "apply": { "model": "minecraft:block/chiseled_bookshelf_empty", "y": 270 },
      "when": { "AND": [ { "facing": "west" }, { "slot_5_occupied": "false" } ] } },
    { "apply": [ { "model": "minecraft:block/chiseled_bookshelf_occupied_slot_top_left", "y": 270, "weight": 400 },
    { "model": "minecraft:block/chiseled_bookshelf/chiseled_bookshelf_occupied_slot_top_left1", "y": 270, "weight": 401 },
    { "model": "minecraft:block/chiseled_bookshelf/chiseled_bookshelf_occupied_slot_top_left2", "y": 270, "weight": 402 },
    { "model": "minecraft:block/chiseled_bookshelf/chiseled_bookshelf_occupied_slot_top_left3", "y": 270, "weight": 403 },
    { "model": "minecraft:block/chiseled_bookshelf/chiseled_bookshelf_occupied_slot_top_left4", "y": 270, "weight": 404 },
    { "model": "minecraft:block/chiseled_bookshelf/chiseled_bookshelf_occupied_slot_top_left5", "y": 270, "weight": 405 },
    { "model": "minecraft:block/chiseled_bookshelf/chiseled_bookshelf_occupied_slot_top_left6", "y": 270, "weight": 406 },
    { "model": "minecraft:block/chiseled_bookshelf/chiseled_bookshelf_occupied_slot_top_left7", "y": 270, "weight": 407 },
    { "model": "minecraft:block/chiseled_bookshelf/chiseled_bookshelf_occupied_slot_top_left8", "y": 270, "weight": 408 },
    { "model": "minecraft:block/chiseled_bookshelf/chiseled_bookshelf_occupied_slot_top_left9", "y": 270, "weight": 409 },
    { "model": "minecraft:block/chiseled_bookshelf/chiseled_bookshelf_occupied_slot_top_left10", "y": 270, "weight": 410 },
    { "model": "minecraft:block/chiseled_bookshelf/chiseled_bookshelf_occupied_slot_top_left11", "y": 270, "weight": 411 } ],
      "when": { "AND": [ { "facing": "west" }, { "slot_0_occupied": "true" } ] } },
    { "apply": { "model": "minecraft:block/chiseled_bookshelf_empty", "y": 270 },
      "when": { "AND": [ { "facing": "west" }, { "slot_0_occupied": "false" } ] } },
    { "apply": [ { "model": "minecraft:block/chiseled_bookshelf_occupied_slot_bottom_mid", "y": 270, "weight": 500 },
    { "model": "minecraft:block/chiseled_bookshelf/chiseled_bookshelf_occupied_slot_bottom_mid1", "y": 270, "weight": 501 },
    { "model": "minecraft:block/chiseled_bookshelf/chiseled_bookshelf_occupied_slot_bottom_mid2", "y": 270, "weight": 502 },
    { "model": "minecraft:block/chiseled_bookshelf/chiseled_bookshelf_occupied_slot_bottom_mid3", "y": 270, "weight": 503 },
    { "model": "minecraft:block/chiseled_bookshelf/chiseled_bookshelf_occupied_slot_bottom_mid4", "y": 270, "weight": 504 },
    { "model": "minecraft:block/chiseled_bookshelf/chiseled_bookshelf_occupied_slot_bottom_mid5", "y": 270, "weight": 505 },
    { "model": "minecraft:block/chiseled_bookshelf/chiseled_bookshelf_occupied_slot_bottom_mid6", "y": 270, "weight": 506 },
    { "model": "minecraft:block/chiseled_bookshelf/chiseled_bookshelf_occupied_slot_bottom_mid7", "y": 270, "weight": 507 },
    { "model": "minecraft:block/chiseled_bookshelf/chiseled_bookshelf_occupied_slot_bottom_mid8", "y": 270, "weight": 508 },
    { "model": "minecraft:block/chiseled_bookshelf/chiseled_bookshelf_occupied_slot_bottom_mid9", "y": 270, "weight": 509 },
    { "model": "minecraft:block/chiseled_bookshelf/chiseled_bookshelf_occupied_slot_bottom_mid10", "y": 270, "weight": 510 },
    { "model": "minecraft:block/chiseled_bookshelf/chiseled_bookshelf_occupied_slot_bottom_mid11", "y": 270, "weight": 511 } ],
      "when": { "AND": [ { "facing": "west" }, { "slot_4_occupied": "true" } ] } },
    { "apply": { "model": "minecraft:block/chiseled_bookshelf_empty", "y": 270 },
      "when": { "AND": [ { "facing": "west" }, { "slot_4_occupied": "false" } ] } },
    { "apply": [ { "model": "minecraft:block/chiseled_bookshelf_occupied_slot_top_right", "y": 270, "weight": 600 },
    { "model": "minecraft:block/chiseled_bookshelf/chiseled_bookshelf_occupied_slot_top_right1", "y": 270, "weight": 601 },
    { "model": "minecraft:block/chiseled_bookshelf/chiseled_bookshelf_occupied_slot_top_right2", "y": 270, "weight": 602 },
    { "model": "minecraft:block/chiseled_bookshelf/chiseled_bookshelf_occupied_slot_top_right3", "y": 270, "weight": 603 },
    { "model": "minecraft:block/chiseled_bookshelf/chiseled_bookshelf_occupied_slot_top_right4", "y": 270, "weight": 604 },
    { "model": "minecraft:block/chiseled_bookshelf/chiseled_bookshelf_occupied_slot_top_right5", "y": 270, "weight": 605 },
    { "model": "minecraft:block/chiseled_bookshelf/chiseled_bookshelf_occupied_slot_top_right6", "y": 270, "weight": 606 },
    { "model": "minecraft:block/chiseled_bookshelf/chiseled_bookshelf_occupied_slot_top_right7", "y": 270, "weight": 607 },
    { "model": "minecraft:block/chiseled_bookshelf/chiseled_bookshelf_occupied_slot_top_right8", "y": 270, "weight": 608 },
    { "model": "minecraft:block/chiseled_bookshelf/chiseled_bookshelf_occupied_slot_top_right9", "y": 270, "weight": 609 },
    { "model": "minecraft:block/chiseled_bookshelf/chiseled_bookshelf_occupied_slot_top_right10", "y": 270, "weight": 610 },
    { "model": "minecraft:block/chiseled_bookshelf/chiseled_bookshelf_occupied_slot_top_right11", "y": 270, "weight": 611 } ],
      "when": { "AND": [ { "facing": "west" }, { "slot_2_occupied": "true" } ] } },
    { "apply": { "model": "minecraft:block/chiseled_bookshelf_empty", "y": 270 },
      "when": { "AND": [ { "facing": "west" }, { "slot_2_occupied": "false" } ] } },
    { "apply": { "model": "minecraft:block/chiseled_bookshelf", "uvlock": true, "y": 180 },
      "when": { "facing": "south" } },
    { "apply": [ { "model": "minecraft:block/chiseled_bookshelf_occupied_slot_top_mid", "y": 180, "weight": 100 },
    { "model": "minecraft:block/chiseled_bookshelf/chiseled_bookshelf_occupied_slot_top_mid1", "y": 180, "weight": 101 },
    { "model": "minecraft:block/chiseled_bookshelf/chiseled_bookshelf_occupied_slot_top_mid2", "y": 180, "weight": 102 },
    { "model": "minecraft:block/chiseled_bookshelf/chiseled_bookshelf_occupied_slot_top_mid3", "y": 180, "weight": 103 },
    { "model": "minecraft:block/chiseled_bookshelf/chiseled_bookshelf_occupied_slot_top_mid4", "y": 180, "weight": 104 },
    { "model": "minecraft:block/chiseled_bookshelf/chiseled_bookshelf_occupied_slot_top_mid5", "y": 180, "weight": 105 },
    { "model": "minecraft:block/chiseled_bookshelf/chiseled_bookshelf_occupied_slot_top_mid6", "y": 180, "weight": 106 },
    { "model": "minecraft:block/chiseled_bookshelf/chiseled_bookshelf_occupied_slot_top_mid7", "y": 180, "weight": 107 },
    { "model": "minecraft:block/chiseled_bookshelf/chiseled_bookshelf_occupied_slot_top_mid8", "y": 180, "weight": 108 },
    { "model": "minecraft:block/chiseled_bookshelf/chiseled_bookshelf_occupied_slot_top_mid9", "y": 180, "weight": 109 },
    { "model": "minecraft:block/chiseled_bookshelf/chiseled_bookshelf_occupied_slot_top_mid10", "y": 180, "weight": 110 },
    { "model": "minecraft:block/chiseled_bookshelf/chiseled_bookshelf_occupied_slot_top_mid11", "y": 180, "weight": 111 } ],
      "when": { "AND": [ { "facing": "south" }, { "slot_1_occupied": "true" } ] } },
    { "apply": { "model": "minecraft:block/chiseled_bookshelf_empty", "y": 180 },
      "when": { "AND": [ { "facing": "south" }, { "slot_1_occupied": "false" } ] } },
    { "apply": [ { "model": "minecraft:block/chiseled_bookshelf_occupied_slot_bottom_left", "y": 180, "weight": 200 },
    { "model": "minecraft:block/chiseled_bookshelf/chiseled_bookshelf_occupied_slot_bottom_left1", "y": 180, "weight": 201 },
    { "model": "minecraft:block/chiseled_bookshelf/chiseled_bookshelf_occupied_slot_bottom_left2", "y": 180, "weight": 202 },
    { "model": "minecraft:block/chiseled_bookshelf/chiseled_bookshelf_occupied_slot_bottom_left3", "y": 180, "weight": 203 },
    { "model": "minecraft:block/chiseled_bookshelf/chiseled_bookshelf_occupied_slot_bottom_left4", "y": 180, "weight": 204 },
    { "model": "minecraft:block/chiseled_bookshelf/chiseled_bookshelf_occupied_slot_bottom_left5", "y": 180, "weight": 205 },
    { "model": "minecraft:block/chiseled_bookshelf/chiseled_bookshelf_occupied_slot_bottom_left6", "y": 180, "weight": 206 },
    { "model": "minecraft:block/chiseled_bookshelf/chiseled_bookshelf_occupied_slot_bottom_left7", "y": 180, "weight": 207 },
    { "model": "minecraft:block/chiseled_bookshelf/chiseled_bookshelf_occupied_slot_bottom_left8", "y": 180, "weight": 208 },
    { "model": "minecraft:block/chiseled_bookshelf/chiseled_bookshelf_occupied_slot_bottom_left9", "y": 180, "weight": 209 },
    { "model": "minecraft:block/chiseled_bookshelf/chiseled_bookshelf_occupied_slot_bottom_left10", "y": 180, "weight": 210 },
    { "model": "minecraft:block/chiseled_bookshelf/chiseled_bookshelf_occupied_slot_bottom_left11", "y": 180, "weight": 211 } ],
      "when": { "AND": [ { "facing": "south" }, { "slot_3_occupied": "true" } ] } },
    { "apply": { "model": "minecraft:block/chiseled_bookshelf_empty", "y": 180 },
      "when": { "AND": [ { "facing": "south" }, { "slot_3_occupied": "false" } ] } },
    { "apply": [ { "model": "minecraft:block/chiseled_bookshelf_occupied_slot_bottom_right", "y": 180, "weight": 300 },
    { "model": "minecraft:block/chiseled_bookshelf/chiseled_bookshelf_occupied_slot_bottom_right1", "y": 180, "weight": 301 },
    { "model": "minecraft:block/chiseled_bookshelf/chiseled_bookshelf_occupied_slot_bottom_right2", "y": 180, "weight": 302 },
    { "model": "minecraft:block/chiseled_bookshelf/chiseled_bookshelf_occupied_slot_bottom_right3", "y": 180, "weight": 303 },
    { "model": "minecraft:block/chiseled_bookshelf/chiseled_bookshelf_occupied_slot_bottom_right4", "y": 180, "weight": 304 },
    { "model": "minecraft:block/chiseled_bookshelf/chiseled_bookshelf_occupied_slot_bottom_right5", "y": 180, "weight": 305 },
    { "model": "minecraft:block/chiseled_bookshelf/chiseled_bookshelf_occupied_slot_bottom_right6", "y": 180, "weight": 306 },
    { "model": "minecraft:block/chiseled_bookshelf/chiseled_bookshelf_occupied_slot_bottom_right7", "y": 180, "weight": 307 },
    { "model": "minecraft:block/chiseled_bookshelf/chiseled_bookshelf_occupied_slot_bottom_right8", "y": 180, "weight": 308 },
    { "model": "minecraft:block/chiseled_bookshelf/chiseled_bookshelf_occupied_slot_bottom_right9", "y": 180, "weight": 309 },
    { "model": "minecraft:block/chiseled_bookshelf/chiseled_bookshelf_occupied_slot_bottom_right10", "y": 180, "weight": 310 },
    { "model": "minecraft:block/chiseled_bookshelf/chiseled_bookshelf_occupied_slot_bottom_right11", "y": 180, "weight": 311 } ],
      "when": { "AND": [ { "facing": "south" }, { "slot_5_occupied": "true" } ] } },
    { "apply": { "model": "minecraft:block/chiseled_bookshelf_empty", "y": 180 },
      "when": { "AND": [ { "facing": "south" }, { "slot_5_occupied": "false" } ] } },
    { "apply": [ { "model": "minecraft:block/chiseled_bookshelf_occupied_slot_top_left", "y": 180, "weight": 400 },
    { "model": "minecraft:block/chiseled_bookshelf/chiseled_bookshelf_occupied_slot_top_left1", "y": 180, "weight": 401 },
    { "model": "minecraft:block/chiseled_bookshelf/chiseled_bookshelf_occupied_slot_top_left2", "y": 180, "weight": 402 },
    { "model": "minecraft:block/chiseled_bookshelf/chiseled_bookshelf_occupied_slot_top_left3", "y": 180, "weight": 403 },
    { "model": "minecraft:block/chiseled_bookshelf/chiseled_bookshelf_occupied_slot_top_left4", "y": 180, "weight": 404 },
    { "model": "minecraft:block/chiseled_bookshelf/chiseled_bookshelf_occupied_slot_top_left5", "y": 180, "weight": 405 },
    { "model": "minecraft:block/chiseled_bookshelf/chiseled_bookshelf_occupied_slot_top_left6", "y": 180, "weight": 406 },
    { "model": "minecraft:block/chiseled_bookshelf/chiseled_bookshelf_occupied_slot_top_left7", "y": 180, "weight": 407 },
    { "model": "minecraft:block/chiseled_bookshelf/chiseled_bookshelf_occupied_slot_top_left8", "y": 180, "weight": 408 },
    { "model": "minecraft:block/chiseled_bookshelf/chiseled_bookshelf_occupied_slot_top_left9", "y": 180, "weight": 409 },
    { "model": "minecraft:block/chiseled_bookshelf/chiseled_bookshelf_occupied_slot_top_left10", "y": 180, "weight": 410 },
    { "model": "minecraft:block/chiseled_bookshelf/chiseled_bookshelf_occupied_slot_top_left11", "y": 180, "weight": 411 } ],
      "when": { "AND": [ { "facing": "south" }, { "slot_0_occupied": "true" } ] } },
    { "apply": { "model": "minecraft:block/chiseled_bookshelf_empty", "y": 180 },
      "when": { "AND": [ { "facing": "south" }, { "slot_0_occupied": "false" } ] } },
    { "apply": [ { "model": "minecraft:block/chiseled_bookshelf_occupied_slot_bottom_mid", "y": 180, "weight": 500 },
    { "model": "minecraft:block/chiseled_bookshelf/chiseled_bookshelf_occupied_slot_bottom_mid1", "y": 180, "weight": 501 },
    { "model": "minecraft:block/chiseled_bookshelf/chiseled_bookshelf_occupied_slot_bottom_mid2", "y": 180, "weight": 502 },
    { "model": "minecraft:block/chiseled_bookshelf/chiseled_bookshelf_occupied_slot_bottom_mid3", "y": 180, "weight": 503 },
    { "model": "minecraft:block/chiseled_bookshelf/chiseled_bookshelf_occupied_slot_bottom_mid4", "y": 180, "weight": 504 },
    { "model": "minecraft:block/chiseled_bookshelf/chiseled_bookshelf_occupied_slot_bottom_mid5", "y": 180, "weight": 505 },
    { "model": "minecraft:block/chiseled_bookshelf/chiseled_bookshelf_occupied_slot_bottom_mid6", "y": 180, "weight": 506 },
    { "model": "minecraft:block/chiseled_bookshelf/chiseled_bookshelf_occupied_slot_bottom_mid7", "y": 180, "weight": 507 },
    { "model": "minecraft:block/chiseled_bookshelf/chiseled_bookshelf_occupied_slot_bottom_mid8", "y": 180, "weight": 508 },
    { "model": "minecraft:block/chiseled_bookshelf/chiseled_bookshelf_occupied_slot_bottom_mid9", "y": 180, "weight": 509 },
    { "model": "minecraft:block/chiseled_bookshelf/chiseled_bookshelf_occupied_slot_bottom_mid10", "y": 180, "weight": 510 },
    { "model": "minecraft:block/chiseled_bookshelf/chiseled_bookshelf_occupied_slot_bottom_mid11", "y": 180, "weight": 511 } ],
      "when": { "AND": [ { "facing": "south" }, { "slot_4_occupied": "true" } ] } },
    { "apply": { "model": "minecraft:block/chiseled_bookshelf_empty", "y": 180 },
      "when": { "AND": [ { "facing": "south" }, { "slot_4_occupied": "false" } ] } },
    { "apply": [ { "model": "minecraft:block/chiseled_bookshelf_occupied_slot_top_right", "y": 180, "weight": 600 },
    { "model": "minecraft:block/chiseled_bookshelf/chiseled_bookshelf_occupied_slot_top_right1", "y": 180, "weight": 601 },
    { "model": "minecraft:block/chiseled_bookshelf/chiseled_bookshelf_occupied_slot_top_right2", "y": 180, "weight": 602 },
    { "model": "minecraft:block/chiseled_bookshelf/chiseled_bookshelf_occupied_slot_top_right3", "y": 180, "weight": 603 },
    { "model": "minecraft:block/chiseled_bookshelf/chiseled_bookshelf_occupied_slot_top_right4", "y": 180, "weight": 604 },
    { "model": "minecraft:block/chiseled_bookshelf/chiseled_bookshelf_occupied_slot_top_right5", "y": 180, "weight": 605 },
    { "model": "minecraft:block/chiseled_bookshelf/chiseled_bookshelf_occupied_slot_top_right6", "y": 180, "weight": 606 },
    { "model": "minecraft:block/chiseled_bookshelf/chiseled_bookshelf_occupied_slot_top_right7", "y": 180, "weight": 607 },
    { "model": "minecraft:block/chiseled_bookshelf/chiseled_bookshelf_occupied_slot_top_right8", "y": 180, "weight": 608 },
    { "model": "minecraft:block/chiseled_bookshelf/chiseled_bookshelf_occupied_slot_top_right9", "y": 180, "weight": 609 },
    { "model": "minecraft:block/chiseled_bookshelf/chiseled_bookshelf_occupied_slot_top_right10", "y": 180, "weight": 610 },
    { "model": "minecraft:block/chiseled_bookshelf/chiseled_bookshelf_occupied_slot_top_right11", "y": 180, "weight": 611 } ],
      "when": { "AND": [ { "facing": "south" }, { "slot_2_occupied": "true" } ] } },
    { "apply": { "model": "minecraft:block/chiseled_bookshelf_empty", "y": 180 },
      "when": { "AND": [ { "facing": "south" }, { "slot_2_occupied": "false" } ] } },
    { "apply": { "model": "minecraft:block/chiseled_bookshelf", "uvlock": true, "y": 90 },
      "when": { "facing": "east" } },
    { "apply": [ { "model": "minecraft:block/chiseled_bookshelf_occupied_slot_top_mid", "y": 90, "weight": 100 },
    { "model": "minecraft:block/chiseled_bookshelf/chiseled_bookshelf_occupied_slot_top_mid1", "y": 90, "weight": 101 },
    { "model": "minecraft:block/chiseled_bookshelf/chiseled_bookshelf_occupied_slot_top_mid2", "y": 90, "weight": 102 },
    { "model": "minecraft:block/chiseled_bookshelf/chiseled_bookshelf_occupied_slot_top_mid3", "y": 90, "weight": 103 },
    { "model": "minecraft:block/chiseled_bookshelf/chiseled_bookshelf_occupied_slot_top_mid4", "y": 90, "weight": 104 },
    { "model": "minecraft:block/chiseled_bookshelf/chiseled_bookshelf_occupied_slot_top_mid5", "y": 90, "weight": 105 },
    { "model": "minecraft:block/chiseled_bookshelf/chiseled_bookshelf_occupied_slot_top_mid6", "y": 90, "weight": 106 },
    { "model": "minecraft:block/chiseled_bookshelf/chiseled_bookshelf_occupied_slot_top_mid7", "y": 90, "weight": 107 },
    { "model": "minecraft:block/chiseled_bookshelf/chiseled_bookshelf_occupied_slot_top_mid8", "y": 90, "weight": 108 },
    { "model": "minecraft:block/chiseled_bookshelf/chiseled_bookshelf_occupied_slot_top_mid9", "y": 90, "weight": 109 },
    { "model": "minecraft:block/chiseled_bookshelf/chiseled_bookshelf_occupied_slot_top_mid10", "y": 90, "weight": 110 },
    { "model": "minecraft:block/chiseled_bookshelf/chiseled_bookshelf_occupied_slot_top_mid11", "y": 90, "weight": 111 } ],
      "when": { "AND": [ { "facing": "east" }, { "slot_1_occupied": "true" } ] } },
    { "apply": { "model": "minecraft:block/chiseled_bookshelf_empty", "y": 90 },
      "when": { "AND": [ { "facing": "east" }, { "slot_1_occupied": "false" } ] } },
    { "apply": [ { "model": "minecraft:block/chiseled_bookshelf_occupied_slot_bottom_left", "y": 90, "weight": 200 },
    { "model": "minecraft:block/chiseled_bookshelf/chiseled_bookshelf_occupied_slot_bottom_left1", "y": 90, "weight": 201 },
    { "model": "minecraft:block/chiseled_bookshelf/chiseled_bookshelf_occupied_slot_bottom_left2", "y": 90, "weight": 202 },
    { "model": "minecraft:block/chiseled_bookshelf/chiseled_bookshelf_occupied_slot_bottom_left3", "y": 90, "weight": 203 },
    { "model": "minecraft:block/chiseled_bookshelf/chiseled_bookshelf_occupied_slot_bottom_left4", "y": 90, "weight": 204 },
    { "model": "minecraft:block/chiseled_bookshelf/chiseled_bookshelf_occupied_slot_bottom_left5", "y": 90, "weight": 205 },
    { "model": "minecraft:block/chiseled_bookshelf/chiseled_bookshelf_occupied_slot_bottom_left6", "y": 90, "weight": 206 },
    { "model": "minecraft:block/chiseled_bookshelf/chiseled_bookshelf_occupied_slot_bottom_left7", "y": 90, "weight": 207 },
    { "model": "minecraft:block/chiseled_bookshelf/chiseled_bookshelf_occupied_slot_bottom_left8", "y": 90, "weight": 208 },
    { "model": "minecraft:block/chiseled_bookshelf/chiseled_bookshelf_occupied_slot_bottom_left9", "y": 90, "weight": 209 },
    { "model": "minecraft:block/chiseled_bookshelf/chiseled_bookshelf_occupied_slot_bottom_left10", "y": 90, "weight": 210 },
    { "model": "minecraft:block/chiseled_bookshelf/chiseled_bookshelf_occupied_slot_bottom_left11", "y": 90, "weight": 211 } ],
      "when": { "AND": [ { "facing": "east" }, { "slot_3_occupied": "true" } ] } },
    { "apply": { "model": "minecraft:block/chiseled_bookshelf_empty", "y": 90 },
      "when": { "AND": [ { "facing": "east" }, { "slot_3_occupied": "false" } ] } },
    { "apply": [ { "model": "minecraft:block/chiseled_bookshelf_occupied_slot_bottom_right", "y": 90, "weight": 300 },
    { "model": "minecraft:block/chiseled_bookshelf/chiseled_bookshelf_occupied_slot_bottom_right1", "y": 90, "weight": 301 },
    { "model": "minecraft:block/chiseled_bookshelf/chiseled_bookshelf_occupied_slot_bottom_right2", "y": 90, "weight": 302 },
    { "model": "minecraft:block/chiseled_bookshelf/chiseled_bookshelf_occupied_slot_bottom_right3", "y": 90, "weight": 303 },
    { "model": "minecraft:block/chiseled_bookshelf/chiseled_bookshelf_occupied_slot_bottom_right4", "y": 90, "weight": 304 },
    { "model": "minecraft:block/chiseled_bookshelf/chiseled_bookshelf_occupied_slot_bottom_right5", "y": 90, "weight": 305 },
    { "model": "minecraft:block/chiseled_bookshelf/chiseled_bookshelf_occupied_slot_bottom_right6", "y": 90, "weight": 306 },
    { "model": "minecraft:block/chiseled_bookshelf/chiseled_bookshelf_occupied_slot_bottom_right7", "y": 90, "weight": 307 },
    { "model": "minecraft:block/chiseled_bookshelf/chiseled_bookshelf_occupied_slot_bottom_right8", "y": 90, "weight": 308 },
    { "model": "minecraft:block/chiseled_bookshelf/chiseled_bookshelf_occupied_slot_bottom_right9", "y": 90, "weight": 309 },
    { "model": "minecraft:block/chiseled_bookshelf/chiseled_bookshelf_occupied_slot_bottom_right10", "y": 90, "weight": 310 },
    { "model": "minecraft:block/chiseled_bookshelf/chiseled_bookshelf_occupied_slot_bottom_right11", "y": 90, "weight": 311 } ],
      "when": { "AND": [ { "facing": "east" }, { "slot_5_occupied": "true" } ] } },
    { "apply": { "model": "minecraft:block/chiseled_bookshelf_empty", "y": 90 },
      "when": { "AND": [ { "facing": "east" }, { "slot_5_occupied": "false" } ] } },
    { "apply": [ { "model": "minecraft:block/chiseled_bookshelf_occupied_slot_top_left", "y": 90, "weight": 400 },
    { "model": "minecraft:block/chiseled_bookshelf/chiseled_bookshelf_occupied_slot_top_left1", "y": 90, "weight": 401 },
    { "model": "minecraft:block/chiseled_bookshelf/chiseled_bookshelf_occupied_slot_top_left2", "y": 90, "weight": 402 },
    { "model": "minecraft:block/chiseled_bookshelf/chiseled_bookshelf_occupied_slot_top_left3", "y": 90, "weight": 403 },
    { "model": "minecraft:block/chiseled_bookshelf/chiseled_bookshelf_occupied_slot_top_left4", "y": 90, "weight": 404 },
    { "model": "minecraft:block/chiseled_bookshelf/chiseled_bookshelf_occupied_slot_top_left5", "y": 90, "weight": 405 },
    { "model": "minecraft:block/chiseled_bookshelf/chiseled_bookshelf_occupied_slot_top_left6", "y": 90, "weight": 406 },
    { "model": "minecraft:block/chiseled_bookshelf/chiseled_bookshelf_occupied_slot_top_left7", "y": 90, "weight": 407 },
    { "model": "minecraft:block/chiseled_bookshelf/chiseled_bookshelf_occupied_slot_top_left8", "y": 90, "weight": 408 },
    { "model": "minecraft:block/chiseled_bookshelf/chiseled_bookshelf_occupied_slot_top_left9", "y": 90, "weight": 409 },
    { "model": "minecraft:block/chiseled_bookshelf/chiseled_bookshelf_occupied_slot_top_left10", "y": 90, "weight": 410 },
    { "model": "minecraft:block/chiseled_bookshelf/chiseled_bookshelf_occupied_slot_top_left11", "y": 90, "weight": 411 } ],
      "when": { "AND": [ { "facing": "east" }, { "slot_0_occupied": "true" } ] } },
    { "apply": { "model": "minecraft:block/chiseled_bookshelf_empty", "y": 90 },
      "when": { "AND": [ { "facing": "east" }, { "slot_0_occupied": "false" } ] } },
    { "apply": [ { "model": "minecraft:block/chiseled_bookshelf_occupied_slot_bottom_mid", "y": 90, "weight": 500 },
    { "model": "minecraft:block/chiseled_bookshelf/chiseled_bookshelf_occupied_slot_bottom_mid1", "y": 90, "weight": 501 },
    { "model": "minecraft:block/chiseled_bookshelf/chiseled_bookshelf_occupied_slot_bottom_mid2", "y": 90, "weight": 502 },
    { "model": "minecraft:block/chiseled_bookshelf/chiseled_bookshelf_occupied_slot_bottom_mid3", "y": 90, "weight": 503 },
    { "model": "minecraft:block/chiseled_bookshelf/chiseled_bookshelf_occupied_slot_bottom_mid4", "y": 90, "weight": 504 },
    { "model": "minecraft:block/chiseled_bookshelf/chiseled_bookshelf_occupied_slot_bottom_mid5", "y": 90, "weight": 505 },
    { "model": "minecraft:block/chiseled_bookshelf/chiseled_bookshelf_occupied_slot_bottom_mid6", "y": 90, "weight": 506 },
    { "model": "minecraft:block/chiseled_bookshelf/chiseled_bookshelf_occupied_slot_bottom_mid7", "y": 90, "weight": 507 },
    { "model": "minecraft:block/chiseled_bookshelf/chiseled_bookshelf_occupied_slot_bottom_mid8", "y": 90, "weight": 508 },
    { "model": "minecraft:block/chiseled_bookshelf/chiseled_bookshelf_occupied_slot_bottom_mid9", "y": 90, "weight": 509 },
    { "model": "minecraft:block/chiseled_bookshelf/chiseled_bookshelf_occupied_slot_bottom_mid10", "y": 90, "weight": 510 },
    { "model": "minecraft:block/chiseled_bookshelf/chiseled_bookshelf_occupied_slot_bottom_mid11", "y": 90, "weight": 511 } ],
      "when": { "AND": [ { "facing": "east" }, { "slot_4_occupied": "true" } ] } },
    { "apply": { "model": "minecraft:block/chiseled_bookshelf_empty", "y": 90 },
      "when": { "AND": [ { "facing": "east" }, { "slot_4_occupied": "false" } ] } },
    { "apply": [ { "model": "minecraft:block/chiseled_bookshelf_occupied_slot_top_right", "y": 90, "weight": 600 },
    { "model": "minecraft:block/chiseled_bookshelf/chiseled_bookshelf_occupied_slot_top_right1", "y": 90, "weight": 601 },
    { "model": "minecraft:block/chiseled_bookshelf/chiseled_bookshelf_occupied_slot_top_right2", "y": 90, "weight": 602 },
    { "model": "minecraft:block/chiseled_bookshelf/chiseled_bookshelf_occupied_slot_top_right3", "y": 90, "weight": 603 },
    { "model": "minecraft:block/chiseled_bookshelf/chiseled_bookshelf_occupied_slot_top_right4", "y": 90, "weight": 604 },
    { "model": "minecraft:block/chiseled_bookshelf/chiseled_bookshelf_occupied_slot_top_right5", "y": 90, "weight": 605 },
    { "model": "minecraft:block/chiseled_bookshelf/chiseled_bookshelf_occupied_slot_top_right6", "y": 90, "weight": 606 },
    { "model": "minecraft:block/chiseled_bookshelf/chiseled_bookshelf_occupied_slot_top_right7", "y": 90, "weight": 607 },
    { "model": "minecraft:block/chiseled_bookshelf/chiseled_bookshelf_occupied_slot_top_right8", "y": 90, "weight": 608 },
    { "model": "minecraft:block/chiseled_bookshelf/chiseled_bookshelf_occupied_slot_top_right9", "y": 90, "weight": 609 },
    { "model": "minecraft:block/chiseled_bookshelf/chiseled_bookshelf_occupied_slot_top_right10", "y": 90, "weight": 610 },
    { "model": "minecraft:block/chiseled_bookshelf/chiseled_bookshelf_occupied_slot_top_right11", "y": 90, "weight": 611 } ],
      "when": { "AND": [ { "facing": "east" }, { "slot_2_occupied": "true" } ] } },
    { "apply": { "model": "minecraft:block/chiseled_bookshelf_empty", "y": 90 },
      "when": { "AND": [ { "facing": "east" }, { "slot_2_occupied": "false" } ] } }
  ]
}