{
  "variants": {
    "": [ { "model": "minecraft:block/red_mushroom/red_mushroom" },
    { "model": "minecraft:block/red_mushroom/red_mushroom", "y": 90 },
    { "model": "minecraft:block/red_mushroom/red_mushroom", "y": 180 },
    { "model": "minecraft:block/red_mushroom/red_mushroom", "y": 270 },
    { "model": "minecraft:block/red_mushroom/red_mushroom1" },
    { "model": "minecraft:block/red_mushroom/red_mushroom1", "y": 90 },
    { "model": "minecraft:block/red_mushroom/red_mushroom1", "y": 180  },
    { "model": "minecraft:block/red_mushroom/red_mushroom3" },
    { "model": "minecraft:block/red_mushroom/red_mushroom1", "y": 270  },
    { "model": "minecraft:block/red_mushroom/red_mushroom2" },
    { "model": "minecraft:block/red_mushroom/red_mushroom2", "y": 90 },
    { "model": "minecraft:block/red_mushroom/red_mushroom2", "y": 180  },
    { "model": "minecraft:block/red_mushroom/red_mushroom2", "y": 270  },
    { "model": "minecraft:block/red_mushroom/red_mushroom3", "y": 90 },
    { "model": "minecraft:block/red_mushroom/red_mushroom3", "y": 180  },
    { "model": "minecraft:block/red_mushroom/red_mushroom3", "y": 270  } ]
  }
}