{
  "variants": {
    "": [ { "model": "minecraft:block/soul_sand", "weight":50 },
      { "model": "minecraft:block/soul_sand", "x": 90, "weight":50 },
      { "model": "minecraft:block/soul_sand", "x": 180, "weight":50 },
      { "model": "minecraft:block/soul_sand", "x": 270, "weight":50 },
      { "model": "minecraft:block/soul_sand/soul_sand1", "weight":1 },
      { "model": "minecraft:block/soul_sand/soul_sand1", "x": 90, "weight":1 },
      { "model": "minecraft:block/soul_sand/soul_sand1", "x": 180, "weight":1 },
      { "model": "minecraft:block/soul_sand/soul_sand1", "x": 270, "weight":1 },
      { "model": "minecraft:block/soul_sand/soul_sand2", "weight":1 },
      { "model": "minecraft:block/soul_sand/soul_sand2", "x": 90, "weight":1 },
      { "model": "minecraft:block/soul_sand/soul_sand2", "x": 180, "weight":1 },
      { "model": "minecraft:block/soul_sand/soul_sand2", "x": 270, "weight":1 },
      { "model": "minecraft:block/soul_sand/soul_sand3", "weight":1 },
      { "model": "minecraft:block/soul_sand/soul_sand3", "x": 90, "weight":1 },
      { "model": "minecraft:block/soul_sand/soul_sand3", "x": 180, "weight":1 },
      { "model": "minecraft:block/soul_sand/soul_sand3", "x": 270, "weight":1 } ]
  }
}