{
  "variants": {
    "": [ { "model": "minecraft:block/stone_bricks" },
    { "model": "minecraft:block/stone_bricks/stone_bricks1" },
    { "model": "minecraft:block/stone_bricks/stone_bricks2" },
    { "model": "minecraft:block/stone_bricks/stone_bricks3" },
    { "model": "minecraft:block/stone_bricks/stone_bricks4" },
    { "model": "minecraft:block/stone_bricks/stone_bricks5" },
    { "model": "minecraft:block/stone_bricks/stone_bricks6" },
    { "model": "minecraft:block/stone_bricks/stone_bricks7" } ]
  }
}