{
  "variants": {
    "": [ { "model": "minecraft:block/wither_rose" },
    { "model": "minecraft:block/wither_rose/wither_rose1" },
    { "model": "minecraft:block/wither_rose/wither_rose2" },
    { "model": "minecraft:block/wither_rose/wither_rose3" },
    { "model": "minecraft:block/wither_rose/wither_rose4" },
    { "model": "minecraft:block/wither_rose/wither_rose5" },
    { "model": "minecraft:block/wither_rose/wither_rose6" },
    { "model": "minecraft:block/wither_rose/wither_rose7" },
    { "model": "minecraft:block/wither_rose/wither_rose8" },
    { "model": "minecraft:block/wither_rose/wither_rose9" },
    { "model": "minecraft:block/wither_rose/wither_rose10" },
    { "model": "minecraft:block/wither_rose/wither_rose11" },
    { "model": "minecraft:block/wither_rose/wither_rose12" },
    { "model": "minecraft:block/wither_rose/wither_rose13" },
    { "model": "minecraft:block/wither_rose/wither_rose14" },
    { "model": "minecraft:block/wither_rose/wither_rose15" },
    { "model": "minecraft:block/wither_rose/wither_rose16" },
    { "model": "minecraft:block/wither_rose/wither_rose17" },
    { "model": "minecraft:block/wither_rose/wither_rose18" },
    { "model": "minecraft:block/wither_rose/wither_rose19" },
    { "model": "minecraft:block/wither_rose/wither_rose20" },
    { "model": "minecraft:block/wither_rose/wither_rose21" },
    { "model": "minecraft:block/wither_rose/wither_rose22" },
    { "model": "minecraft:block/wither_rose/wither_rose23" } ]
  }
}