{
  "variants": {
    "": [ { "model": "minecraft:block/allium/allium" },
    { "model": "minecraft:block/allium/allium", "y": 90 },
    { "model": "minecraft:block/allium/allium", "y": 180 },
    { "model": "minecraft:block/allium/allium", "y": 270 },
    { "model": "minecraft:block/allium/allium1" },
    { "model": "minecraft:block/allium/allium1", "y": 90 },
    { "model": "minecraft:block/allium/allium1", "y": 180 },
    { "model": "minecraft:block/allium/allium1", "y": 270 },
    { "model": "minecraft:block/allium/allium2" },
    { "model": "minecraft:block/allium/allium2", "y": 90 },
    { "model": "minecraft:block/allium/allium2", "y": 180 },
    { "model": "minecraft:block/allium/allium2", "y": 270 },
    { "model": "minecraft:block/allium/allium3" },
    { "model": "minecraft:block/allium/allium3", "y": 90 },
    { "model": "minecraft:block/allium/allium3", "y": 180 },
    { "model": "minecraft:block/allium/allium3", "y": 270 } ]
  }
}