{
  "variants": {
    "stage=0": [ { "model": "minecraft:block/cherry_sapling" },
    { "model": "minecraft:block/cherry_sapling/cherry_sapling1" },
    { "model": "minecraft:block/cherry_sapling/cherry_sapling2" },
    { "model": "minecraft:block/cherry_sapling/cherry_sapling3" },
    { "model": "minecraft:block/cherry_sapling/cherry_sapling4" },
    { "model": "minecraft:block/cherry_sapling/cherry_sapling5" } ],
    "stage=1": [ { "model": "minecraft:block/cherry_sapling/cherry_sapling_tall" },
    { "model": "minecraft:block/cherry_sapling/cherry_sapling_tall1" },
    { "model": "minecraft:block/cherry_sapling/cherry_sapling_tall2" },
    { "model": "minecraft:block/cherry_sapling/cherry_sapling_tall3" },
    { "model": "minecraft:block/cherry_sapling/cherry_sapling_tall4" },
    { "model": "minecraft:block/cherry_sapling/cherry_sapling_tall5" } ]
  }
}