{
  "variants": {
    "half=lower": [ { "model": "minecraft:block/lilac_bottom" },
    { "model": "minecraft:block/lilac/lilac_bottom1" },
    { "model": "minecraft:block/lilac/lilac_bottom2" },
    { "model": "minecraft:block/lilac/lilac_bottom3" }, 
    { "model": "minecraft:block/lilac/lilac_bottom4" },
    { "model": "minecraft:block/lilac/lilac_bottom5" },
    { "model": "minecraft:block/lilac/lilac_bottom6" },
    { "model": "minecraft:block/lilac/lilac_bottom7" },
    { "model": "minecraft:block/lilac/lilac_bottom8" },
    { "model": "minecraft:block/lilac/lilac_bottom9" },
    { "model": "minecraft:block/lilac/lilac_bottom10" },
    { "model": "minecraft:block/lilac/lilac_bottom11" },
    { "model": "minecraft:block/lilac/lilac_bottom12" },
    { "model": "minecraft:block/lilac/lilac_bottom13" },
    { "model": "minecraft:block/lilac/lilac_bottom14" }, 
    { "model": "minecraft:block/lilac/lilac_bottom15" },
    { "model": "minecraft:block/lilac/lilac_bottom16" },
    { "model": "minecraft:block/lilac/lilac_bottom17" },
    { "model": "minecraft:block/lilac/lilac_bottom18" },
    { "model": "minecraft:block/lilac/lilac_bottom19" },
    { "model": "minecraft:block/lilac/lilac_bottom20" },
    { "model": "minecraft:block/lilac/lilac_bottom21" },
    { "model": "minecraft:block/lilac/lilac_bottom22" },
    { "model": "minecraft:block/lilac/lilac_bottom23" } ],
    "half=upper": [ { "model": "minecraft:block/lilac_top" },
    { "model": "minecraft:block/lilac/lilac_top1" },
    { "model": "minecraft:block/lilac/lilac_top2" },
    { "model": "minecraft:block/lilac/lilac_top3" },
    { "model": "minecraft:block/lilac/lilac_top4" },
    { "model": "minecraft:block/lilac/lilac_top5" },
    { "model": "minecraft:block/lilac/lilac_top6" },
    { "model": "minecraft:block/lilac/lilac_top7" },
    { "model": "minecraft:block/lilac/lilac_top8" },
    { "model": "minecraft:block/lilac/lilac_top9" },
    { "model": "minecraft:block/lilac/lilac_top10" },
    { "model": "minecraft:block/lilac/lilac_top11" },
    { "model": "minecraft:block/lilac/lilac_top12" },
    { "model": "minecraft:block/lilac/lilac_top13" },
    { "model": "minecraft:block/lilac/lilac_top14" },
    { "model": "minecraft:block/lilac/lilac_top15" },
    { "model": "minecraft:block/lilac/lilac_top16" },
    { "model": "minecraft:block/lilac/lilac_top17" },
    { "model": "minecraft:block/lilac/lilac_top18" },
    { "model": "minecraft:block/lilac/lilac_top19" },
    { "model": "minecraft:block/lilac/lilac_top20" },
    { "model": "minecraft:block/lilac/lilac_top21" },
    { "model": "minecraft:block/lilac/lilac_top22" },
    { "model": "minecraft:block/lilac/lilac_top23" } ]
  }
}