{
  "variants": {
    "": [ { "model": "minecraft:block/frogspawn/frogspawn" },
    { "model": "minecraft:block/frogspawn/frogspawn", "y":90 },
    { "model": "minecraft:block/frogspawn/frogspawn", "y":180 },
    { "model": "minecraft:block/frogspawn/frogspawn", "y":270 },
    { "model": "minecraft:block/frogspawn/frogspawn1" },
    { "model": "minecraft:block/frogspawn/frogspawn1", "y":90 },
    { "model": "minecraft:block/frogspawn/frogspawn1", "y":180 },
    { "model": "minecraft:block/frogspawn/frogspawn1", "y":270 },
    { "model": "minecraft:block/frogspawn/frogspawn2" },
    { "model": "minecraft:block/frogspawn/frogspawn2", "y":90 },
    { "model": "minecraft:block/frogspawn/frogspawn2", "y":180 },
    { "model": "minecraft:block/frogspawn/frogspawn2", "y":270 },
    { "model": "minecraft:block/frogspawn/frogspawn3" },
    { "model": "minecraft:block/frogspawn/frogspawn3", "y":90 },
    { "model": "minecraft:block/frogspawn/frogspawn3", "y":180 },
    { "model": "minecraft:block/frogspawn/frogspawn3", "y":270 } ]
  }
}