{
  "variants": {
    "stage=0": [ { "model": "minecraft:block/jungle_sapling" },
    { "model": "minecraft:block/jungle_sapling/jungle_sapling1" },
    { "model": "minecraft:block/jungle_sapling/jungle_sapling2" },
    { "model": "minecraft:block/jungle_sapling/jungle_sapling3" },
    { "model": "minecraft:block/jungle_sapling/jungle_sapling4" },
    { "model": "minecraft:block/jungle_sapling/jungle_sapling5" } ],
    "stage=1": [ { "model": "minecraft:block/jungle_sapling/jungle_sapling_tall" },
    { "model": "minecraft:block/jungle_sapling/jungle_sapling_tall1" },
    { "model": "minecraft:block/jungle_sapling/jungle_sapling_tall2" },
    { "model": "minecraft:block/jungle_sapling/jungle_sapling_tall3" },
    { "model": "minecraft:block/jungle_sapling/jungle_sapling_tall4" },
    { "model": "minecraft:block/jungle_sapling/jungle_sapling_tall5" } ]
  }
}