{
  "credit": "Made with Blockbench",
  "elements": [
    {
      "from": [
        9.5,
        0,
        7.5
      ],
      "to": [
        12.5,
        1,
        8.5
      ],
      "rotation": {
        "angle": 45,
        "axis": "z",
        "origin": [
          10,
          1,
          8
        ]
      },
      "faces": {
        "north": {
          "uv": [
            9,
            1,
            12,
            2
          ],
          "texture": "#0"
        },
        "east": {
          "uv": [
            8,
            1,
            9,
            2
          ],
          "texture": "#0"
        },
        "south": {
          "uv": [
            13,
            1,
            16,
            2
          ],
          "texture": "#0"
        },
        "west": {
          "uv": [
            12,
            1,
            13,
            2
          ],
          "texture": "#0"
        },
        "up": {
          "uv": [
            12,
            1,
            9,
            0
          ],
          "texture": "#0"
        },
        "down": {
          "uv": [
            15,
            0,
            12,
            1
          ],
          "texture": "#0"
        }
      }
    },
    {
      "from": [
        9.5,
        0,
        7
      ],
      "to": [
        10.5,
        3,
        9
      ],
      "rotation": {
        "angle": 0,
        "axis": "z",
        "origin": [
          10,
          1,
          8
        ]
      },
      "faces": {
        "north": {
          "uv": [
            12,
            12,
            13,
            15
          ],
          "texture": "#0"
        },
        "east": {
          "uv": [
            10,
            12,
            12,
            15
          ],
          "texture": "#0"
        },
        "south": {
          "uv": [
            15,
            12,
            16,
            15
          ],
          "texture": "#0"
        },
        "west": {
          "uv": [
            13,
            12,
            15,
            15
          ],
          "texture": "#0"
        },
        "up": {
          "uv": [
            13,
            12,
            12,
            10
          ],
          "texture": "#0"
        },
        "down": {
          "uv": [
            14,
            10,
            13,
            12
          ],
          "texture": "#0"
        }
      }
    },
    {
      "from": [
        6.5,
        0,
        6.5
      ],
      "to": [
        9.5,
        6,
        9.5
      ],
      "faces": {
        "north": {
          "uv": [
            3,
            3,
            6,
            9
          ],
          "texture": "#0"
        },
        "east": {
          "uv": [
            0,
            3,
            3,
            9
          ],
          "texture": "#0"
        },
        "south": {
          "uv": [
            9,
            3,
            12,
            9
          ],
          "texture": "#0"
        },
        "west": {
          "uv": [
            6,
            3,
            9,
            9
          ],
          "texture": "#0"
        },
        "up": {
          "uv": [
            6,
            3,
            3,
            0
          ],
          "texture": "#0"
        },
        "down": {
          "uv": [
            9,
            0,
            6,
            3
          ],
          "texture": "#0"
        }
      }
    },
    {
      "from": [
        7,
        0,
        3.5
      ],
      "to": [
        9,
        2,
        7.5
      ],
      "rotation": {
        "angle": 45,
        "axis": "x",
        "origin": [
          8,
          1,
          6
        ]
      },
      "faces": {
        "north": {
          "uv": [
            6,
            14,
            4,
            16
          ],
          "texture": "#0"
        },
        "east": {
          "uv": [
            10,
            14,
            6,
            16
          ],
          "texture": "#0"
        },
        "south": {
          "uv": [
            12,
            14,
            10,
            16
          ],
          "texture": "#0"
        },
        "west": {
          "uv": [
            4,
            14,
            0,
            16
          ],
          "texture": "#0"
        },
        "up": {
          "uv": [
            4,
            14,
            6,
            10
          ],
          "texture": "#0"
        },
        "down": {
          "uv": [
            6,
            10,
            8,
            14
          ],
          "texture": "#0"
        }
      }
    },
    {
      "from": [
        7,
        0,
        8.5
      ],
      "to": [
        9,
        2,
        12.5
      ],
      "rotation": {
        "angle": -45,
        "axis": "x",
        "origin": [
          8,
          1,
          10
        ]
      },
      "faces": {
        "north": {
          "uv": [
            4,
            14,
            6,
            16
          ],
          "texture": "#0"
        },
        "east": {
          "uv": [
            0,
            14,
            4,
            16
          ],
          "texture": "#0"
        },
        "south": {
          "uv": [
            10,
            14,
            12,
            16
          ],
          "texture": "#0"
        },
        "west": {
          "uv": [
            6,
            14,
            10,
            16
          ],
          "texture": "#0"
        },
        "up": {
          "uv": [
            6,
            14,
            4,
            10
          ],
          "texture": "#0"
        },
        "down": {
          "uv": [
            8,
            10,
            6,
            14
          ],
          "texture": "#0"
        }
      }
    },
    {
      "from": [
        3.5,
        0,
        7
      ],
      "to": [
        7.5,
        2,
        9
      ],
      "rotation": {
        "angle": -45,
        "axis": "z",
        "origin": [
          6,
          1,
          8
        ]
      },
      "faces": {
        "north": {
          "uv": [
            2,
            14,
            6,
            16
          ],
          "texture": "#0"
        },
        "east": {
          "uv": [
            0,
            14,
            2,
            16
          ],
          "texture": "#0"
        },
        "south": {
          "uv": [
            8,
            14,
            12,
            16
          ],
          "texture": "#0"
        },
        "west": {
          "uv": [
            6,
            14,
            8,
            16
          ],
          "texture": "#0"
        },
        "up": {
          "uv": [
            6,
            14,
            2,
            12
          ],
          "texture": "#0"
        },
        "down": {
          "uv": [
            10,
            12,
            6,
            14
          ],
          "texture": "#0"
        }
      }
    }
  ],
  "groups": [
    {
      "name": "small_skint",
      "origin": [
        6,
        1,
        8
      ],
      "color": 0,
      "nbt": "{}",
      "children": [
        0,
        1,
        2,
        3,
        4,
        5
      ]
    }
  ]
}