{
  "variants": {
    "stage=0": [ { "model": "minecraft:block/dark_oak_sapling" },
    { "model": "minecraft:block/dark_oak_sapling/dark_oak_sapling1" },
    { "model": "minecraft:block/dark_oak_sapling/dark_oak_sapling2" },
    { "model": "minecraft:block/dark_oak_sapling/dark_oak_sapling3" },
    { "model": "minecraft:block/dark_oak_sapling/dark_oak_sapling4" },
    { "model": "minecraft:block/dark_oak_sapling/dark_oak_sapling5" } ],
    "stage=1": [ { "model": "minecraft:block/dark_oak_sapling/dark_oak_sapling_tall" },
    { "model": "minecraft:block/dark_oak_sapling/dark_oak_sapling_tall1" },
    { "model": "minecraft:block/dark_oak_sapling/dark_oak_sapling_tall2" },
    { "model": "minecraft:block/dark_oak_sapling/dark_oak_sapling_tall3" },
    { "model": "minecraft:block/dark_oak_sapling/dark_oak_sapling_tall4" },
    { "model": "minecraft:block/dark_oak_sapling/dark_oak_sapling_tall5" } ]
  }
}