{
  "multipart": [
    { "apply": {
        "model": "minecraft:block/brewing_stand"
      } },
    { "when": { "has_bottle_0": "true" },
      "apply": [ { "model": "minecraft:block/brewing_stand_bottle0", "weight": 100 },
      { "model": "minecraft:block/brewing_stand/brewing_stand_bottle0_1", "weight": 101 },
      { "model": "minecraft:block/brewing_stand/brewing_stand_bottle0_2", "weight": 102 },
      { "model": "minecraft:block/brewing_stand/brewing_stand_bottle0_3", "weight": 103 },
      { "model": "minecraft:block/brewing_stand/brewing_stand_bottle0_4", "weight": 104 },
      { "model": "minecraft:block/brewing_stand/brewing_stand_bottle0_5", "weight": 105 },
      { "model": "minecraft:block/brewing_stand/brewing_stand_bottle0_6", "weight": 106 },
      { "model": "minecraft:block/brewing_stand/brewing_stand_bottle0_7", "weight": 107 } ] },
    { "when": { "has_bottle_1": "true" },
      "apply": [ { "model": "minecraft:block/brewing_stand_bottle1", "weight": 108 },
      { "model": "minecraft:block/brewing_stand/brewing_stand_bottle1_1", "weight": 109 },
      { "model": "minecraft:block/brewing_stand/brewing_stand_bottle1_2", "weight": 110 },
      { "model": "minecraft:block/brewing_stand/brewing_stand_bottle1_3", "weight": 111 },
      { "model": "minecraft:block/brewing_stand/brewing_stand_bottle1_4", "weight": 112 },
      { "model": "minecraft:block/brewing_stand/brewing_stand_bottle1_5", "weight": 113 },
      { "model": "minecraft:block/brewing_stand/brewing_stand_bottle1_6", "weight": 114 },
      { "model": "minecraft:block/brewing_stand/brewing_stand_bottle1_7", "weight": 115 } ] },
    { "when": { "has_bottle_2": "true" },
      "apply": [ { "model": "minecraft:block/brewing_stand_bottle2", "weight": 116 },
      { "model": "minecraft:block/brewing_stand/brewing_stand_bottle2_1", "weight": 117 },
      { "model": "minecraft:block/brewing_stand/brewing_stand_bottle2_2", "weight": 118 },
      { "model": "minecraft:block/brewing_stand/brewing_stand_bottle2_3", "weight": 119 },
      { "model": "minecraft:block/brewing_stand/brewing_stand_bottle2_4", "weight": 120 },
      { "model": "minecraft:block/brewing_stand/brewing_stand_bottle2_5", "weight": 121 },
      { "model": "minecraft:block/brewing_stand/brewing_stand_bottle2_6", "weight": 122 },
      { "model": "minecraft:block/brewing_stand/brewing_stand_bottle2_7", "weight": 123 } ] },
    { "when": { "has_bottle_0": "false" },
      "apply": { "model": "minecraft:block/brewing_stand_empty0" } },
    { "when": { "has_bottle_1": "false" },
      "apply": { "model": "minecraft:block/brewing_stand_empty1" } },
    { "when": { "has_bottle_2": "false" },
      "apply": { "model": "minecraft:block/brewing_stand_empty2" } }
  ]
}