{
  "variants": {
    "type=bottom": [ { "model": "minecraft:block/oak_slab" },
    { "model": "minecraft:block/oak_slab/oak_slab1" },
    { "model": "minecraft:block/oak_slab/oak_slab2" },
    { "model": "minecraft:block/oak_slab/oak_slab3" } ],
    "type=double": { "model": "minecraft:block/oak_double_slab" },
    "type=top": [ { "model": "minecraft:block/oak_slab_top" },
    { "model": "minecraft:block/oak_slab/oak_slab_top1" },
    { "model": "minecraft:block/oak_slab/oak_slab_top2" },
    { "model": "minecraft:block/oak_slab/oak_slab_top3" } ]
  }
}