{
  "variants": {
    "type=bottom": [ { "model": "minecraft:block/mossy_cobblestone_slab" },
    { "model": "minecraft:block/mossy_cobblestone_slab/mossy_cobblestone_slab1" },
    { "model": "minecraft:block/mossy_cobblestone_slab/mossy_cobblestone_slab2" },
    { "model": "minecraft:block/mossy_cobblestone_slab/mossy_cobblestone_slab3" } ],
    "type=double": { "model": "minecraft:block/mossy_cobblestone_double_slab" },
    "type=top": [ { "model": "minecraft:block/mossy_cobblestone_slab_top"},
    { "model": "minecraft:block/mossy_cobblestone_slab/mossy_cobblestone_slab_top1"},
    { "model": "minecraft:block/mossy_cobblestone_slab/mossy_cobblestone_slab_top2"},
    { "model": "minecraft:block/mossy_cobblestone_slab/mossy_cobblestone_slab_top3"} ]
  }
}