{
  "variants": {
    "": [ { "model": "minecraft:block/dead_bubble_coral", "weight": 4 },
    { "model": "minecraft:block/dead_bubble_coral/dead_bubble_coral1", "weight": 4 },
    { "model": "minecraft:block/dead_bubble_coral/dead_bubble_coral2", "weight": 2 },
    { "model": "minecraft:block/dead_bubble_coral/dead_bubble_coral3", "weight": 1 },
    { "model": "minecraft:block/dead_bubble_coral/dead_bubble_coral4", "weight": 4 },
    { "model": "minecraft:block/dead_bubble_coral/dead_bubble_coral5", "weight": 4 },
    { "model": "minecraft:block/dead_bubble_coral/dead_bubble_coral6", "weight": 2 },
    { "model": "minecraft:block/dead_bubble_coral/dead_bubble_coral7", "weight": 1 },
    { "model": "minecraft:block/dead_bubble_coral/dead_bubble_coral8", "weight": 4 },
    { "model": "minecraft:block/dead_bubble_coral/dead_bubble_coral9", "weight": 4 },
    { "model": "minecraft:block/dead_bubble_coral/dead_bubble_coral10", "weight": 2 },
    { "model": "minecraft:block/dead_bubble_coral/dead_bubble_coral11", "weight": 1 },
    { "model": "minecraft:block/dead_bubble_coral/dead_bubble_coral12", "weight": 4 },
    { "model": "minecraft:block/dead_bubble_coral/dead_bubble_coral13", "weight": 4 },
    { "model": "minecraft:block/dead_bubble_coral/dead_bubble_coral14", "weight": 2 },
    { "model": "minecraft:block/dead_bubble_coral/dead_bubble_coral15", "weight": 1 },
    { "model": "minecraft:block/dead_bubble_coral/dead_bubble_coral16", "weight": 4 },
    { "model": "minecraft:block/dead_bubble_coral/dead_bubble_coral17", "weight": 4 },
    { "model": "minecraft:block/dead_bubble_coral/dead_bubble_coral18", "weight": 2 },
    { "model": "minecraft:block/dead_bubble_coral/dead_bubble_coral19", "weight": 1 },
    { "model": "minecraft:block/dead_bubble_coral/dead_bubble_coral20", "weight": 4 },
    { "model": "minecraft:block/dead_bubble_coral/dead_bubble_coral21", "weight": 4 },
    { "model": "minecraft:block/dead_bubble_coral/dead_bubble_coral22", "weight": 2 },
    { "model": "minecraft:block/dead_bubble_coral/dead_bubble_coral23", "weight": 1 } ]
  }
}