{
  "variants": {
    "type=bottom": [ { "model": "minecraft:block/stone_slab" },
    { "model": "minecraft:block/stone_slab/stone_slab1" },
    { "model": "minecraft:block/stone_slab/stone_slab2" },
    { "model": "minecraft:block/stone_slab/stone_slab3" } ],
    "type=double": { "model": "minecraft:block/stone_double_slab" },
    "type=top": [ { "model": "minecraft:block/stone_slab_top" },
    { "model": "minecraft:block/stone_slab/stone_slab_top1" },
    { "model": "minecraft:block/stone_slab/stone_slab_top2" },
    { "model": "minecraft:block/stone_slab/stone_slab_top3" } ]
  }
}