{
  "variants": {
    "facing=east,half=bottom,shape=inner_left": [ { "model": "minecraft:block/birch_stairs_inner", "uvlock": true, "y": 270 },
    { "model": "minecraft:block/birch_stairs/birch_stairs_inner1", "uvlock": true, "y": 270 },
    { "model": "minecraft:block/birch_stairs/birch_stairs_inner2", "uvlock": true, "y": 270 },
    { "model": "minecraft:block/birch_stairs/birch_stairs_inner3", "uvlock": true, "y": 270 } ],
    "facing=east,half=bottom,shape=inner_right": [ { "model": "minecraft:block/birch_stairs_inner" },
    { "model": "minecraft:block/birch_stairs/birch_stairs_inner1" },
    { "model": "minecraft:block/birch_stairs/birch_stairs_inner2" },
    { "model": "minecraft:block/birch_stairs/birch_stairs_inner3" } ],
    "facing=east,half=bottom,shape=outer_left": [ { "model": "minecraft:block/birch_stairs_outer", "uvlock": true, "y": 270 },
    { "model": "minecraft:block/birch_stairs/birch_stairs_outer1", "uvlock": true, "y": 270 },
    { "model": "minecraft:block/birch_stairs/birch_stairs_outer2", "uvlock": true, "y": 270 },
    { "model": "minecraft:block/birch_stairs/birch_stairs_outer3", "uvlock": true, "y": 270 } ],
    "facing=east,half=bottom,shape=outer_right": [ { "model": "minecraft:block/birch_stairs_outer" },
    { "model": "minecraft:block/birch_stairs/birch_stairs_outer1" },
    { "model": "minecraft:block/birch_stairs/birch_stairs_outer2" },
    { "model": "minecraft:block/birch_stairs/birch_stairs_outer3" } ],
    "facing=east,half=bottom,shape=straight": [ { "model": "minecraft:block/birch_stairs" },
    { "model": "minecraft:block/birch_stairs/birch_stairs1" },
    { "model": "minecraft:block/birch_stairs/birch_stairs2" },
    { "model": "minecraft:block/birch_stairs/birch_stairs3" } ],
    "facing=east,half=top,shape=inner_left": [ { "model": "minecraft:block/birch_stairs_inner", "uvlock": true, "x": 180 },
    { "model": "minecraft:block/birch_stairs/birch_stairs_inner1", "uvlock": true, "x": 180 },
    { "model": "minecraft:block/birch_stairs/birch_stairs_inner2", "uvlock": true, "x": 180 },
    { "model": "minecraft:block/birch_stairs/birch_stairs_inner3", "uvlock": true, "x": 180 } ],
    "facing=east,half=top,shape=inner_right": [ { "model": "minecraft:block/birch_stairs_inner", "uvlock": true, "x": 180, "y": 90 },
    { "model": "minecraft:block/birch_stairs/birch_stairs_inner1", "uvlock": true, "x": 180, "y": 90 },
    { "model": "minecraft:block/birch_stairs/birch_stairs_inner2", "uvlock": true, "x": 180, "y": 90 },
    { "model": "minecraft:block/birch_stairs/birch_stairs_inner3", "uvlock": true, "x": 180, "y": 90 } ],
    "facing=east,half=top,shape=outer_left": [ { "model": "minecraft:block/birch_stairs_outer", "uvlock": true, "x": 180 },
    { "model": "minecraft:block/birch_stairs/birch_stairs_outer1", "uvlock": true, "x": 180 },
    { "model": "minecraft:block/birch_stairs/birch_stairs_outer2", "uvlock": true, "x": 180 },
    { "model": "minecraft:block/birch_stairs/birch_stairs_outer3", "uvlock": true, "x": 180 } ],
    "facing=east,half=top,shape=outer_right": [ { "model": "minecraft:block/birch_stairs_outer", "uvlock": true, "x": 180, "y": 90 },
    { "model": "minecraft:block/birch_stairs/birch_stairs_outer1", "uvlock": true, "x": 180, "y": 90 },
    { "model": "minecraft:block/birch_stairs/birch_stairs_outer2", "uvlock": true, "x": 180, "y": 90 },
    { "model": "minecraft:block/birch_stairs/birch_stairs_outer3", "uvlock": true, "x": 180, "y": 90 } ],
    "facing=east,half=top,shape=straight": [ { "model": "minecraft:block/birch_stairs", "uvlock": true, "x": 180 },
    { "model": "minecraft:block/birch_stairs/birch_stairs1", "uvlock": true, "x": 180 },
    { "model": "minecraft:block/birch_stairs/birch_stairs2", "uvlock": true, "x": 180 },
    { "model": "minecraft:block/birch_stairs/birch_stairs3", "uvlock": true, "x": 180 } ],
    "facing=north,half=bottom,shape=inner_left": [ { "model": "minecraft:block/birch_stairs_inner", "uvlock": true, "y": 180 },
    { "model": "minecraft:block/birch_stairs/birch_stairs_inner1", "uvlock": true, "y": 180 },
    { "model": "minecraft:block/birch_stairs/birch_stairs_inner2", "uvlock": true, "y": 180 },
    { "model": "minecraft:block/birch_stairs/birch_stairs_inner3", "uvlock": true, "y": 180 } ],
    "facing=north,half=bottom,shape=inner_right": [ { "model": "minecraft:block/birch_stairs_inner", "uvlock": true, "y": 270 },
    { "model": "minecraft:block/birch_stairs/birch_stairs_inner1", "uvlock": true, "y": 270 },
    { "model": "minecraft:block/birch_stairs/birch_stairs_inner2", "uvlock": true, "y": 270 },
    { "model": "minecraft:block/birch_stairs/birch_stairs_inner3", "uvlock": true, "y": 270 } ],
    "facing=north,half=bottom,shape=outer_left": [ { "model": "minecraft:block/birch_stairs_outer", "uvlock": true, "y": 180 },
    { "model": "minecraft:block/birch_stairs/birch_stairs_outer1", "uvlock": true, "y": 180 },
    { "model": "minecraft:block/birch_stairs/birch_stairs_outer2", "uvlock": true, "y": 180 },
    { "model": "minecraft:block/birch_stairs/birch_stairs_outer3", "uvlock": true, "y": 180 } ],
    "facing=north,half=bottom,shape=outer_right": [ { "model": "minecraft:block/birch_stairs_outer", "uvlock": true, "y": 270 },
    { "model": "minecraft:block/birch_stairs/birch_stairs_outer1", "uvlock": true, "y": 270 },
    { "model": "minecraft:block/birch_stairs/birch_stairs_outer2", "uvlock": true, "y": 270 },
    { "model": "minecraft:block/birch_stairs/birch_stairs_outer3", "uvlock": true, "y": 270 } ],
    "facing=north,half=bottom,shape=straight": [ { "model": "minecraft:block/birch_stairs", "uvlock": true, "y": 270 },
    { "model": "minecraft:block/birch_stairs/birch_stairs1", "uvlock": true, "y": 270 },
    { "model": "minecraft:block/birch_stairs/birch_stairs2", "uvlock": true, "y": 270 },
    { "model": "minecraft:block/birch_stairs/birch_stairs3", "uvlock": true, "y": 270 } ],
    "facing=north,half=top,shape=inner_left": [ { "model": "minecraft:block/birch_stairs_inner", "uvlock": true, "x": 180, "y": 270 },
    { "model": "minecraft:block/birch_stairs/birch_stairs_inner1", "uvlock": true, "x": 180, "y": 270 },
    { "model": "minecraft:block/birch_stairs/birch_stairs_inner2", "uvlock": true, "x": 180, "y": 270 },
    { "model": "minecraft:block/birch_stairs/birch_stairs_inner3", "uvlock": true, "x": 180, "y": 270 } ],
    "facing=north,half=top,shape=inner_right": [ { "model": "minecraft:block/birch_stairs_inner", "uvlock": true, "x": 180 },
    { "model": "minecraft:block/birch_stairs/birch_stairs_inner1", "uvlock": true, "x": 180 },
    { "model": "minecraft:block/birch_stairs/birch_stairs_inner2", "uvlock": true, "x": 180 },
    { "model": "minecraft:block/birch_stairs/birch_stairs_inner3", "uvlock": true, "x": 180 } ],
    "facing=north,half=top,shape=outer_left": [ { "model": "minecraft:block/birch_stairs_outer", "uvlock": true, "x": 180, "y": 270 },
    { "model": "minecraft:block/birch_stairs/birch_stairs_outer1", "uvlock": true, "x": 180, "y": 270 },
    { "model": "minecraft:block/birch_stairs/birch_stairs_outer2", "uvlock": true, "x": 180, "y": 270 },
    { "model": "minecraft:block/birch_stairs/birch_stairs_outer3", "uvlock": true, "x": 180, "y": 270 } ],
    "facing=north,half=top,shape=outer_right": [ { "model": "minecraft:block/birch_stairs_outer", "uvlock": true, "x": 180 },
    { "model": "minecraft:block/birch_stairs/birch_stairs_outer1", "uvlock": true, "x": 180 },
    { "model": "minecraft:block/birch_stairs/birch_stairs_outer2", "uvlock": true, "x": 180 },
    { "model": "minecraft:block/birch_stairs/birch_stairs_outer3", "uvlock": true, "x": 180 } ],
    "facing=north,half=top,shape=straight": [ { "model": "minecraft:block/birch_stairs", "uvlock": true, "x": 180, "y": 270 },
    { "model": "minecraft:block/birch_stairs/birch_stairs1", "uvlock": true, "x": 180, "y": 270 },
    { "model": "minecraft:block/birch_stairs/birch_stairs2", "uvlock": true, "x": 180, "y": 270 },
    { "model": "minecraft:block/birch_stairs/birch_stairs3", "uvlock": true, "x": 180, "y": 270 } ],
    "facing=south,half=bottom,shape=inner_left": [ { "model": "minecraft:block/birch_stairs_inner" },
    { "model": "minecraft:block/birch_stairs/birch_stairs_inner1" },
    { "model": "minecraft:block/birch_stairs/birch_stairs_inner2" },
    { "model": "minecraft:block/birch_stairs/birch_stairs_inner3" } ],
    "facing=south,half=bottom,shape=inner_right": [ { "model": "minecraft:block/birch_stairs_inner", "uvlock": true, "y": 90 },
    { "model": "minecraft:block/birch_stairs/birch_stairs_inner1", "uvlock": true, "y": 90 },
    { "model": "minecraft:block/birch_stairs/birch_stairs_inner2", "uvlock": true, "y": 90 },
    { "model": "minecraft:block/birch_stairs/birch_stairs_inner3", "uvlock": true, "y": 90 } ],
    "facing=south,half=bottom,shape=outer_left": [ { "model": "minecraft:block/birch_stairs_outer" },
    { "model": "minecraft:block/birch_stairs/birch_stairs_outer1" },
    { "model": "minecraft:block/birch_stairs/birch_stairs_outer2" },
    { "model": "minecraft:block/birch_stairs/birch_stairs_outer3" } ],
    "facing=south,half=bottom,shape=outer_right": [ { "model": "minecraft:block/birch_stairs_outer", "uvlock": true, "y": 90 },
    { "model": "minecraft:block/birch_stairs/birch_stairs_outer1", "uvlock": true, "y": 90 },
    { "model": "minecraft:block/birch_stairs/birch_stairs_outer2", "uvlock": true, "y": 90 },
    { "model": "minecraft:block/birch_stairs/birch_stairs_outer3", "uvlock": true, "y": 90 } ],
    "facing=south,half=bottom,shape=straight": [ { "model": "minecraft:block/birch_stairs", "uvlock": true, "y": 90 },
    { "model": "minecraft:block/birch_stairs/birch_stairs1", "uvlock": true, "y": 90 },
    { "model": "minecraft:block/birch_stairs/birch_stairs2", "uvlock": true, "y": 90 },
    { "model": "minecraft:block/birch_stairs/birch_stairs3", "uvlock": true, "y": 90 } ],
    "facing=south,half=top,shape=inner_left": [ { "model": "minecraft:block/birch_stairs_inner", "uvlock": true, "x": 180, "y": 90 },
    { "model": "minecraft:block/birch_stairs/birch_stairs_inner1", "uvlock": true, "x": 180, "y": 90 },
    { "model": "minecraft:block/birch_stairs/birch_stairs_inner2", "uvlock": true, "x": 180, "y": 90 },
    { "model": "minecraft:block/birch_stairs/birch_stairs_inner3", "uvlock": true, "x": 180, "y": 90 } ],
    "facing=south,half=top,shape=inner_right": [ { "model": "minecraft:block/birch_stairs_inner", "uvlock": true, "x": 180, "y": 180 },
    { "model": "minecraft:block/birch_stairs/birch_stairs_inner1", "uvlock": true, "x": 180, "y": 180 },
    { "model": "minecraft:block/birch_stairs/birch_stairs_inner2", "uvlock": true, "x": 180, "y": 180 },
    { "model": "minecraft:block/birch_stairs/birch_stairs_inner3", "uvlock": true, "x": 180, "y": 180 } ],
    "facing=south,half=top,shape=outer_left": [ { "model": "minecraft:block/birch_stairs_outer", "uvlock": true, "x": 180, "y": 90 },
    { "model": "minecraft:block/birch_stairs/birch_stairs_outer1", "uvlock": true, "x": 180, "y": 90 },
    { "model": "minecraft:block/birch_stairs/birch_stairs_outer2", "uvlock": true, "x": 180, "y": 90 },
    { "model": "minecraft:block/birch_stairs/birch_stairs_outer3", "uvlock": true, "x": 180, "y": 90 } ],
    "facing=south,half=top,shape=outer_right": [ { "model": "minecraft:block/birch_stairs_outer", "uvlock": true, "x": 180, "y": 180 },
    { "model": "minecraft:block/birch_stairs/birch_stairs_outer1", "uvlock": true, "x": 180, "y": 180 },
    { "model": "minecraft:block/birch_stairs/birch_stairs_outer2", "uvlock": true, "x": 180, "y": 180 },
    { "model": "minecraft:block/birch_stairs/birch_stairs_outer3", "uvlock": true, "x": 180, "y": 180 } ],
    "facing=south,half=top,shape=straight": [ { "model": "minecraft:blockbirch_stairs/birch_stairs", "uvlock": true, "x": 180, "y": 90 },
    { "model": "minecraft:block/birch_stairs/birch_stairs1", "uvlock": true, "x": 180, "y": 90 },
    { "model": "minecraft:block/birch_stairs/birch_stairs2", "uvlock": true, "x": 180, "y": 90 },
    { "model": "minecraft:block/birch_stairs/birch_stairs3", "uvlock": true, "x": 180, "y": 90 } ],
    "facing=west,half=bottom,shape=inner_left": [ { "model": "minecraft:block/birch_stairs_inner", "uvlock": true, "y": 90 },
    { "model": "minecraft:block/birch_stairs/birch_stairs_inner1", "uvlock": true, "y": 90 },
    { "model": "minecraft:block/birch_stairs/birch_stairs_inner2", "uvlock": true, "y": 90 },
    { "model": "minecraft:block/birch_stairs/birch_stairs_inner3", "uvlock": true, "y": 90 } ],
    "facing=west,half=bottom,shape=inner_right": [ { "model": "minecraft:block/birch_stairs_inner", "uvlock": true, "y": 180 },
    { "model": "minecraft:block/birch_stairs/birch_stairs_inner1", "uvlock": true, "y": 180 },
    { "model": "minecraft:block/birch_stairs/birch_stairs_inner2", "uvlock": true, "y": 180 },
    { "model": "minecraft:block/birch_stairs/birch_stairs_inner3", "uvlock": true, "y": 180 } ],
    "facing=west,half=bottom,shape=outer_left": [ { "model": "minecraft:block/birch_stairs_outer", "uvlock": true, "y": 90 },
    { "model": "minecraft:block/birch_stairs/birch_stairs_outer1", "uvlock": true, "y": 90 },
    { "model": "minecraft:block/birch_stairs/birch_stairs_outer2", "uvlock": true, "y": 90 },
    { "model": "minecraft:block/birch_stairs/birch_stairs_outer3", "uvlock": true, "y": 90 } ],
    "facing=west,half=bottom,shape=outer_right": [ { "model": "minecraft:block/birch_stairs_outer", "uvlock": true, "y": 180 },
    { "model": "minecraft:block/birch_stairs/birch_stairs_outer1", "uvlock": true, "y": 180 },
    { "model": "minecraft:block/birch_stairs/birch_stairs_outer2", "uvlock": true, "y": 180 },
    { "model": "minecraft:block/birch_stairs/birch_stairs_outer3", "uvlock": true, "y": 180 } ],
    "facing=west,half=bottom,shape=straight": [ { "model": "minecraft:block/birch_stairs", "uvlock": true, "y": 180 },
    { "model": "minecraft:block/birch_stairs/birch_stairs1", "uvlock": true, "y": 180 },
    { "model": "minecraft:block/birch_stairs/birch_stairs2", "uvlock": true, "y": 180 },
    { "model": "minecraft:block/birch_stairs/birch_stairs3", "uvlock": true, "y": 180 } ],
    "facing=west,half=top,shape=inner_left": [ { "model": "minecraft:block/birch_stairs_inner", "uvlock": true, "x": 180, "y": 180 },
    { "model": "minecraft:block/birch_stairs/birch_stairs_inner1", "uvlock": true, "x": 180, "y": 180 },
    { "model": "minecraft:block/birch_stairs/birch_stairs_inner2", "uvlock": true, "x": 180, "y": 180 },
    { "model": "minecraft:block/birch_stairs/birch_stairs_inner3", "uvlock": true, "x": 180, "y": 180 } ],
    "facing=west,half=top,shape=inner_right": [ { "model": "minecraft:block/birch_stairs_inner", "uvlock": true, "x": 180, "y": 270 },
    { "model": "minecraft:block/birch_stairs/birch_stairs_inner1", "uvlock": true, "x": 180, "y": 270 },
    { "model": "minecraft:block/birch_stairs/birch_stairs_inner2", "uvlock": true, "x": 180, "y": 270 },
    { "model": "minecraft:block/birch_stairs/birch_stairs_inner3", "uvlock": true, "x": 180, "y": 270 } ],
    "facing=west,half=top,shape=outer_left": [ { "model": "minecraft:block/birch_stairs_outer", "uvlock": true, "x": 180, "y": 180 },
    { "model": "minecraft:block/birch_stairs/birch_stairs_outer1", "uvlock": true, "x": 180, "y": 180 },
    { "model": "minecraft:block/birch_stairs/birch_stairs_outer2", "uvlock": true, "x": 180, "y": 180 },
    { "model": "minecraft:block/birch_stairs/birch_stairs_outer3", "uvlock": true, "x": 180, "y": 180 } ],
    "facing=west,half=top,shape=outer_right": [ { "model": "minecraft:block/birch_stairs_outer", "uvlock": true, "x": 180, "y": 270 },
    { "model": "minecraft:block/birch_stairs/birch_stairs_outer1", "uvlock": true, "x": 180, "y": 270 },
    { "model": "minecraft:block/birch_stairs/birch_stairs_outer2", "uvlock": true, "x": 180, "y": 270 },
    { "model": "minecraft:block/birch_stairs/birch_stairs_outer3", "uvlock": true, "x": 180, "y": 270 } ],
    "facing=west,half=top,shape=straight": [ { "model": "minecraft:block/birch_stairs", "uvlock": true, "x": 180, "y": 180 },
    { "model": "minecraft:block/birch_stairs/birch_stairs1", "uvlock": true, "x": 180, "y": 180 },
    { "model": "minecraft:block/birch_stairs/birch_stairs2", "uvlock": true, "x": 180, "y": 180 },
    { "model": "minecraft:block/birch_stairs/birch_stairs3", "uvlock": true, "x": 180, "y": 180 } ]
  }
}