{
  "variants": {
    "": [ { "model": "minecraft:block/azure_bluet" },
    { "model": "minecraft:block/azure_bluet/azure_bluet1" },
    { "model": "minecraft:block/azure_bluet/azure_bluet2" },
    { "model": "minecraft:block/azure_bluet/azure_bluet3" },
    { "model": "minecraft:block/azure_bluet/azure_bluet4" },
    { "model": "minecraft:block/azure_bluet/azure_bluet5" },
    { "model": "minecraft:block/azure_bluet/azure_bluet6" },
    { "model": "minecraft:block/azure_bluet/azure_bluet7" },
    { "model": "minecraft:block/azure_bluet/azure_bluet8" },
    { "model": "minecraft:block/azure_bluet/azure_bluet9" },
    { "model": "minecraft:block/azure_bluet/azure_bluet10" },
    { "model": "minecraft:block/azure_bluet/azure_bluet11" },
    { "model": "minecraft:block/azure_bluet/azure_bluet12" },
    { "model": "minecraft:block/azure_bluet/azure_bluet13" },
    { "model": "minecraft:block/azure_bluet/azure_bluet14" },
    { "model": "minecraft:block/azure_bluet/azure_bluet15" },
    { "model": "minecraft:block/azure_bluet/azure_bluet16" },
    { "model": "minecraft:block/azure_bluet/azure_bluet17" },
    { "model": "minecraft:block/azure_bluet/azure_bluet18" },
    { "model": "minecraft:block/azure_bluet/azure_bluet19" },
    { "model": "minecraft:block/azure_bluet/azure_bluet20" },
    { "model": "minecraft:block/azure_bluet/azure_bluet21" },
    { "model": "minecraft:block/azure_bluet/azure_bluet22" },
    { "model": "minecraft:block/azure_bluet/azure_bluet23" } ]
  }
}