{
  "variants": {
    "type=bottom": [ { "model": "minecraft:block/jungle_slab" },
    { "model": "minecraft:block/jungle_slab/jungle_slab1" },
    { "model": "minecraft:block/jungle_slab/jungle_slab2" },
    { "model": "minecraft:block/jungle_slab/jungle_slab3" } ],
    "type=double": { "model": "minecraft:block/jungle_double_slab" },
    "type=top": [ { "model": "minecraft:block/jungle_slab" },
    { "model": "minecraft:block/jungle_slab/jungle_slab_top1" },
    { "model": "minecraft:block/jungle_slab/jungle_slab_top2" },
    { "model": "minecraft:block/jungle_slab/jungle_slab_top3" } ]
  }
}