{
  "variants": {
    "half=lower": [ { "model": "minecraft:block/pitcher_plant_bottom" },
    { "model": "minecraft:block/pitcher_plant/pitcher_plant_bottom1" },
    { "model": "minecraft:block/pitcher_plant/pitcher_plant_bottom2" },
    { "model": "minecraft:block/pitcher_plant/pitcher_plant_bottom3" },
    { "model": "minecraft:block/pitcher_plant/pitcher_plant_bottom4" },
    { "model": "minecraft:block/pitcher_plant/pitcher_plant_bottom5" },
    { "model": "minecraft:block/pitcher_plant/pitcher_plant_bottom6" },
    { "model": "minecraft:block/pitcher_plant/pitcher_plant_bottom7" },
    { "model": "minecraft:block/pitcher_plant/pitcher_plant_bottom8" },
    { "model": "minecraft:block/pitcher_plant/pitcher_plant_bottom9" },
    { "model": "minecraft:block/pitcher_plant/pitcher_plant_bottom10" },
    { "model": "minecraft:block/pitcher_plant/pitcher_plant_bottom11" },
    { "model": "minecraft:block/pitcher_plant/pitcher_plant_bottom12" },
    { "model": "minecraft:block/pitcher_plant/pitcher_plant_bottom13" },
    { "model": "minecraft:block/pitcher_plant/pitcher_plant_bottom14" },
    { "model": "minecraft:block/pitcher_plant/pitcher_plant_bottom15" },
    { "model": "minecraft:block/pitcher_plant/pitcher_plant_bottom16" },
    { "model": "minecraft:block/pitcher_plant/pitcher_plant_bottom17" },
    { "model": "minecraft:block/pitcher_plant/pitcher_plant_bottom18" },
    { "model": "minecraft:block/pitcher_plant/pitcher_plant_bottom19" },
    { "model": "minecraft:block/pitcher_plant/pitcher_plant_bottom20" },
    { "model": "minecraft:block/pitcher_plant/pitcher_plant_bottom21" },
    { "model": "minecraft:block/pitcher_plant/pitcher_plant_bottom22" },
    { "model": "minecraft:block/pitcher_plant/pitcher_plant_bottom23" } ],
    "half=upper": [ { "model": "minecraft:block/pitcher_plant_top" },
    { "model": "minecraft:block/pitcher_plant/pitcher_plant_top1" },
    { "model": "minecraft:block/pitcher_plant/pitcher_plant_top2" },
    { "model": "minecraft:block/pitcher_plant/pitcher_plant_top3" },
    { "model": "minecraft:block/pitcher_plant/pitcher_plant_top4" },
    { "model": "minecraft:block/pitcher_plant/pitcher_plant_top5" },
    { "model": "minecraft:block/pitcher_plant/pitcher_plant_top6" },
    { "model": "minecraft:block/pitcher_plant/pitcher_plant_top7" },
    { "model": "minecraft:block/pitcher_plant/pitcher_plant_top8" },
    { "model": "minecraft:block/pitcher_plant/pitcher_plant_top9" },
    { "model": "minecraft:block/pitcher_plant/pitcher_plant_top10" },
    { "model": "minecraft:block/pitcher_plant/pitcher_plant_top11" },
    { "model": "minecraft:block/pitcher_plant/pitcher_plant_top12" },
    { "model": "minecraft:block/pitcher_plant/pitcher_plant_top13" },
    { "model": "minecraft:block/pitcher_plant/pitcher_plant_top14" },
    { "model": "minecraft:block/pitcher_plant/pitcher_plant_top15" },
    { "model": "minecraft:block/pitcher_plant/pitcher_plant_top16" },
    { "model": "minecraft:block/pitcher_plant/pitcher_plant_top17" },
    { "model": "minecraft:block/pitcher_plant/pitcher_plant_top18" },
    { "model": "minecraft:block/pitcher_plant/pitcher_plant_top19" },
    { "model": "minecraft:block/pitcher_plant/pitcher_plant_top20" },
    { "model": "minecraft:block/pitcher_plant/pitcher_plant_top21" },
    { "model": "minecraft:block/pitcher_plant/pitcher_plant_top22" },
    { "model": "minecraft:block/pitcher_plant/pitcher_plant_top23" } ]
  }
}