{
  "variants": {
    "": [ { "model": "minecraft:block/potted_dark_oak_sapling" },
    { "model": "minecraft:block/potted_dark_oak_sapling/potted_dark_oak_sapling1" },
    { "model": "minecraft:block/potted_dark_oak_sapling/potted_dark_oak_sapling2" },
    { "model": "minecraft:block/potted_dark_oak_sapling/potted_dark_oak_sapling3" },
    { "model": "minecraft:block/potted_dark_oak_sapling/potted_dark_oak_sapling4" },
    { "model": "minecraft:block/potted_dark_oak_sapling/potted_dark_oak_sapling5" } ]
  }
}