{
  "variants": {
    "age=0": [ { "model": "minecraft:block/nether_wart_stage0" },
    { "model": "minecraft:block/nether_wart_stage0", "y":90 }, 
    { "model": "minecraft:block/nether_wart_stage0", "y":180 },
    { "model": "minecraft:block/nether_wart_stage0", "y":270 } ],
    "age=1": [ { "model": "minecraft:block/nether_wart_stage1" },
    { "model": "minecraft:block/nether_wart_stage1", "y":90 }, 
    { "model": "minecraft:block/nether_wart_stage1", "y":180 },
    { "model": "minecraft:block/nether_wart_stage1", "y":270 } ],
    "age=2": [ { "model": "minecraft:block/nether_wart_stage2" },
    { "model": "minecraft:block/nether_wart_stage2", "y":90 }, 
    { "model": "minecraft:block/nether_wart_stage2", "y":180 },
    { "model": "minecraft:block/nether_wart_stage2", "y":270 } ],
    "age=3": [ { "model": "minecraft:block/nether_wart_stage3" },
    { "model": "minecraft:block/nether_wart_stage3", "y":90 }, 
    { "model": "minecraft:block/nether_wart_stage3", "y":180 },
    { "model": "minecraft:block/nether_wart_stage3", "y":270 } ]
  }
}