{
  "variants": {
    "": [ { "model": "minecraft:block/crimson_fungus/crimson_fungus" },
    { "model": "minecraft:block/crimson_fungus/crimson_fungus", "y": 90 },
    { "model": "minecraft:block/crimson_fungus/crimson_fungus", "y": 180 },
    { "model": "minecraft:block/crimson_fungus/crimson_fungus", "y": 270 },
    { "model": "minecraft:block/crimson_fungus/crimson_fungus1" },
    { "model": "minecraft:block/crimson_fungus/crimson_fungus1", "y": 90 },
    { "model": "minecraft:block/crimson_fungus/crimson_fungus1", "y": 180  },
    { "model": "minecraft:block/crimson_fungus/crimson_fungus1", "y": 270  },
    { "model": "minecraft:block/crimson_fungus/crimson_fungus2" },
    { "model": "minecraft:block/crimson_fungus/crimson_fungus2", "y": 90 },
    { "model": "minecraft:block/crimson_fungus/crimson_fungus2", "y": 180  },
    { "model": "minecraft:block/crimson_fungus/crimson_fungus2", "y": 270  },
    { "model": "minecraft:block/crimson_fungus/crimson_fungus3" },
    { "model": "minecraft:block/crimson_fungus/crimson_fungus3", "y": 90 },
    { "model": "minecraft:block/crimson_fungus/crimson_fungus3", "y": 180  },
    { "model": "minecraft:block/crimson_fungus/crimson_fungus3", "y": 270  } ]
  }
}