{
	"credit": "Made with Blockbench",
	"ambientocclusion": false,
	"textures": {
		"particle": "block/bamboo_large_leaves",
		"texture": "block/bamboo_large_leaves"
	},
	"elements": [
		{
			"from": [0.8, 0, 8],
			"to": [15.2, 16, 8],
			"shade": false,
			"faces": {
				"north": {"uv": [0, 0, 16, 16], "texture": "#texture", "tintindex": 0},
				"south": {"uv": [0, 0, 16, 16], "texture": "#texture", "tintindex": 0}
			}
		},
		{
			"from": [0.8, 0, 6.5],
			"to": [15.2, 16, 6.5],
			"shade": false,
			"rotation": {"angle": 22.5, "axis": "x", "origin": [8, 16, 6.5]},
			"faces": {
				"north": {"uv": [0, 0, 16, 16], "texture": "#texture", "tintindex": 0},
				"south": {"uv": [0, 0, 16, 16], "texture": "#texture", "tintindex": 0}
			}
		},
		{
			"from": [0.8, 0, 9.5],
			"to": [15.2, 16, 9.5],
			"shade": false,
			"rotation": {"angle": -22.5, "axis": "x", "origin": [8, 16, 9.5]},
			"faces": {
				"north": {"uv": [0, 0, 16, 16], "texture": "#texture", "tintindex": 0},
				"south": {"uv": [0, 0, 16, 16], "texture": "#texture", "tintindex": 0}
			}
		},
		{
			"from": [8, 0, 0.8],
			"to": [8, 16, 15.2],
			"shade": false,
			"faces": {
				"east": {"uv": [0, 0, 16, 16], "texture": "#texture", "tintindex": 0},
				"west": {"uv": [0, 0, 16, 16], "texture": "#texture", "tintindex": 0}
			}
		},
		{
			"from": [9.5, 0, 0.8],
			"to": [9.5, 16, 15.2],
			"shade": false,
			"rotation": {"angle": 22.5, "axis": "z", "origin": [9.5, 16, 8]},
			"faces": {
				"east": {"uv": [0, 0, 16, 16], "texture": "#texture", "tintindex": 0},
				"west": {"uv": [0, 0, 16, 16], "texture": "#texture", "tintindex": 0}
			}
		},
		{
			"from": [6.5, 0, 0.8],
			"to": [6.5, 16, 15.2],
			"shade": false,
			"rotation": {"angle": -22.5, "axis": "z", "origin": [6.5, 16, 8]},
			"faces": {
				"east": {"uv": [0, 0, 16, 16], "texture": "#texture", "tintindex": 0},
				"west": {"uv": [0, 0, 16, 16], "texture": "#texture", "tintindex": 0}
			}
		}
	]
}