{
	"credit": "Made with Blockbench",
	"ambientocclusion": false,
	"textures": {
		"1": "block/bamboo_door_side",
		"particle": "block/bamboo_door_top",
		"top": "block/bamboo_door_top"
	},
	"elements": [
		{
			"from": [0, 0, 0],
			"to": [3, 1, 16],
			"faces": {
				"north": {"uv": [6, 15, 9, 16], "texture": "#1"},
				"east": {"uv": [16, 15, 0, 16], "texture": "#top"},
				"south": {"uv": [12, 15, 15, 16], "texture": "#1"},
				"west": {"uv": [0, 15, 16, 16], "texture": "#top"},
				"up": {"uv": [0, 0, 3, 16], "texture": "#1"}
			}
		},
		{
			"from": [0, 1, 0],
			"to": [3, 12, 4],
			"faces": {
				"north": {"uv": [6, 4, 9, 15], "texture": "#1"},
				"east": {"uv": [4, 4, 0, 15], "texture": "#top"},
				"south": {"uv": [12, 4, 15, 15], "texture": "#1"},
				"west": {"uv": [0, 4, 4, 15], "texture": "#top"}
			}
		},
		{
			"from": [0, 1, 12],
			"to": [3, 12, 16],
			"faces": {
				"north": {"uv": [12, 4, 15, 15], "texture": "#1"},
				"east": {"uv": [16, 4, 12, 15], "texture": "#top"},
				"south": {"uv": [12, 4, 15, 15], "texture": "#1"},
				"west": {"uv": [12, 4, 16, 15], "texture": "#top"}
			}
		},
		{
			"from": [0, 12, 0],
			"to": [3, 16, 16],
			"faces": {
				"north": {"uv": [6, 0, 9, 4], "texture": "#1"},
				"east": {"uv": [16, 0, 0, 4], "texture": "#top"},
				"south": {"uv": [12, 0, 15, 4], "texture": "#1"},
				"west": {"uv": [0, 0, 16, 4], "texture": "#top"},
				"up": {"uv": [0, 0, 3, 16], "texture": "#1"},
				"down": {"uv": [0, 0, 3, 16], "texture": "#1"}
			}
		},
		{
			"from": [1.5, 1, 4],
			"to": [1.5, 12, 12],
			"faces": {
				"north": {"uv": [0, 0, 0, 11], "texture": "#missing"},
				"east": {"uv": [12, 4, 4, 15], "texture": "#top"},
				"south": {"uv": [0, 0, 0, 11], "texture": "#missing"},
				"west": {"uv": [4, 4, 12, 15], "texture": "#top"},
				"up": {"uv": [0, 0, 0, 8], "texture": "#missing"},
				"down": {"uv": [0, 0, 0, 8], "texture": "#missing"}
			}
		}
	]
}