{
  "variants": {
    "": [ { "model": "minecraft:block/lily_pad/lily_pad", "weight": 4 },
      { "model": "minecraft:block/lily_pad/lily_pad", "y": 90, "weight": 4 },
      { "model": "minecraft:block/lily_pad/lily_pad", "y": 180, "weight": 4 },
      { "model": "minecraft:block/lily_pad/lily_pad", "y": 270, "weight": 4 },
      { "model": "minecraft:block/lily_pad/lily_pad1", "weight": 4 },
      { "model": "minecraft:block/lily_pad/lily_pad1", "y": 90, "weight": 4 },
      { "model": "minecraft:block/lily_pad/lily_pad1", "y": 180, "weight": 4 },
      { "model": "minecraft:block/lily_pad/lily_pad1", "y": 270, "weight": 4 },
      { "model": "minecraft:block/lily_pad/lily_pad2", "weight": 4 },
      { "model": "minecraft:block/lily_pad/lily_pad2", "y": 90, "weight": 4 },
      { "model": "minecraft:block/lily_pad/lily_pad2", "y": 180, "weight": 4 },
      { "model": "minecraft:block/lily_pad/lily_pad2", "y": 270, "weight": 4 },
      { "model": "minecraft:block/lily_pad/lily_pad3", "weight": 4 },
      { "model": "minecraft:block/lily_pad/lily_pad3", "y": 90, "weight": 4 },
      { "model": "minecraft:block/lily_pad/lily_pad3", "y": 180, "weight": 4 },
      { "model": "minecraft:block/lily_pad/lily_pad3", "y": 270, "weight": 4 },
      { "model": "minecraft:block/lily_pad/lily_pad4", "weight": 1 },
      { "model": "minecraft:block/lily_pad/lily_pad4", "y": 90, "weight": 1 },
      { "model": "minecraft:block/lily_pad/lily_pad4", "y": 180, "weight": 1 },
      { "model": "minecraft:block/lily_pad/lily_pad4", "y": 270, "weight": 1 },
      { "model": "minecraft:block/lily_pad/lily_pad5", "weight": 1 },
      { "model": "minecraft:block/lily_pad/lily_pad5", "y": 90, "weight": 1 },
      { "model": "minecraft:block/lily_pad/lily_pad5", "y": 180, "weight": 1 },
      { "model": "minecraft:block/lily_pad/lily_pad5", "y": 270, "weight": 1 },
      { "model": "minecraft:block/lily_pad/lily_pad6", "weight": 1 },
      { "model": "minecraft:block/lily_pad/lily_pad6", "y": 90, "weight": 1 },
      { "model": "minecraft:block/lily_pad/lily_pad6", "y": 180, "weight": 1 },
      { "model": "minecraft:block/lily_pad/lily_pad6", "y": 270, "weight": 1 },
      { "model": "minecraft:block/lily_pad/lily_pad7", "weight": 1 },
      { "model": "minecraft:block/lily_pad/lily_pad7", "y": 90, "weight": 1 },
      { "model": "minecraft:block/lily_pad/lily_pad7", "y": 180, "weight": 1 },
      { "model": "minecraft:block/lily_pad/lily_pad7", "y": 270, "weight": 1 } ]
  }
}