{
  "variants": {
    "type=bottom": [ { "model": "minecraft:block/mangrove_slab" },
    { "model": "minecraft:block/mangrove_slab/mangrove_slab1" },
    { "model": "minecraft:block/mangrove_slab/mangrove_slab2" },
    { "model": "minecraft:block/mangrove_slab/mangrove_slab3" } ],
    "type=double": { "model": "minecraft:block/mangrove_double_slab" },
    "type=top": [ { "model": "minecraft:block/mangrove_slab_top" },
    { "model": "minecraft:block/mangrove_slab/mangrove_slab_top1" },
    { "model": "minecraft:block/mangrove_slab/mangrove_slab_top2" },
    { "model": "minecraft:block/mangrove_slab/mangrove_slab_top3" } ]
  }
}