{
  "variants": {
    "half=lower": [ { "model": "minecraft:block/rose_bush_bottom" },
    { "model": "minecraft:block/rose_bush/rose_bush_bottom1" },
    { "model": "minecraft:block/rose_bush/rose_bush_bottom2" },
    { "model": "minecraft:block/rose_bush/rose_bush_bottom3" }, 
    { "model": "minecraft:block/rose_bush/rose_bush_bottom4" },
    { "model": "minecraft:block/rose_bush/rose_bush_bottom5" },
    { "model": "minecraft:block/rose_bush/rose_bush_bottom6" },
    { "model": "minecraft:block/rose_bush/rose_bush_bottom7" },
    { "model": "minecraft:block/rose_bush/rose_bush_bottom8" },
    { "model": "minecraft:block/rose_bush/rose_bush_bottom9" },
    { "model": "minecraft:block/rose_bush/rose_bush_bottom10" },
    { "model": "minecraft:block/rose_bush/rose_bush_bottom11" },
    { "model": "minecraft:block/rose_bush/rose_bush_bottom12" },
    { "model": "minecraft:block/rose_bush/rose_bush_bottom13" },
    { "model": "minecraft:block/rose_bush/rose_bush_bottom14" }, 
    { "model": "minecraft:block/rose_bush/rose_bush_bottom15" },
    { "model": "minecraft:block/rose_bush/rose_bush_bottom16" },
    { "model": "minecraft:block/rose_bush/rose_bush_bottom17" },
    { "model": "minecraft:block/rose_bush/rose_bush_bottom18" },
    { "model": "minecraft:block/rose_bush/rose_bush_bottom19" },
    { "model": "minecraft:block/rose_bush/rose_bush_bottom20" },
    { "model": "minecraft:block/rose_bush/rose_bush_bottom21" },
    { "model": "minecraft:block/rose_bush/rose_bush_bottom22" },
    { "model": "minecraft:block/rose_bush/rose_bush_bottom23" } ],
    "half=upper": [ { "model": "minecraft:block/rose_bush_top" },
    { "model": "minecraft:block/rose_bush/rose_bush_top1" },
    { "model": "minecraft:block/rose_bush/rose_bush_top2" },
    { "model": "minecraft:block/rose_bush/rose_bush_top3" },
    { "model": "minecraft:block/rose_bush/rose_bush_top4" },
    { "model": "minecraft:block/rose_bush/rose_bush_top5" },
    { "model": "minecraft:block/rose_bush/rose_bush_top6" },
    { "model": "minecraft:block/rose_bush/rose_bush_top7" },
    { "model": "minecraft:block/rose_bush/rose_bush_top8" },
    { "model": "minecraft:block/rose_bush/rose_bush_top9" },
    { "model": "minecraft:block/rose_bush/rose_bush_top10" },
    { "model": "minecraft:block/rose_bush/rose_bush_top11" },
    { "model": "minecraft:block/rose_bush/rose_bush_top12" },
    { "model": "minecraft:block/rose_bush/rose_bush_top13" },
    { "model": "minecraft:block/rose_bush/rose_bush_top14" },
    { "model": "minecraft:block/rose_bush/rose_bush_top15" },
    { "model": "minecraft:block/rose_bush/rose_bush_top16" },
    { "model": "minecraft:block/rose_bush/rose_bush_top17" },
    { "model": "minecraft:block/rose_bush/rose_bush_top18" },
    { "model": "minecraft:block/rose_bush/rose_bush_top19" },
    { "model": "minecraft:block/rose_bush/rose_bush_top20" },
    { "model": "minecraft:block/rose_bush/rose_bush_top21" },
    { "model": "minecraft:block/rose_bush/rose_bush_top22" },
    { "model": "minecraft:block/rose_bush/rose_bush_top23" } ]
  }
}