{
  "variants": {
    "": [ { "model": "minecraft:block/torchflower" },
    { "model": "minecraft:block/torchflower/torchflower1" },
    { "model": "minecraft:block/torchflower/torchflower2" },
    { "model": "minecraft:block/torchflower/torchflower3" },
    { "model": "minecraft:block/torchflower/torchflower4" },
    { "model": "minecraft:block/torchflower/torchflower5" },
    { "model": "minecraft:block/torchflower/torchflower6" },
    { "model": "minecraft:block/torchflower/torchflower7" },
    { "model": "minecraft:block/torchflower/torchflower8" },
    { "model": "minecraft:block/torchflower/torchflower9" },
    { "model": "minecraft:block/torchflower/torchflower10" },
    { "model": "minecraft:block/torchflower/torchflower11" },
    { "model": "minecraft:block/torchflower/torchflower12" },
    { "model": "minecraft:block/torchflower/torchflower13" },
    { "model": "minecraft:block/torchflower/torchflower14" },
    { "model": "minecraft:block/torchflower/torchflower15" },
    { "model": "minecraft:block/torchflower/torchflower16" },
    { "model": "minecraft:block/torchflower/torchflower17" },
    { "model": "minecraft:block/torchflower/torchflower18" },
    { "model": "minecraft:block/torchflower/torchflower19" },
    { "model": "minecraft:block/torchflower/torchflower20" },
    { "model": "minecraft:block/torchflower/torchflower21" },
    { "model": "minecraft:block/torchflower/torchflower22" },
    { "model": "minecraft:block/torchflower/torchflower23" } ]
  }
}