{
  "variants": {
    "": [ { "model": "minecraft:block/tube_coral", "weight": 4 },
    { "model": "minecraft:block/tube_coral/tube_coral1", "weight": 4 },
    { "model": "minecraft:block/tube_coral/tube_coral2", "weight": 2 },
    { "model": "minecraft:block/tube_coral/tube_coral3", "weight": 1 },
    { "model": "minecraft:block/tube_coral/tube_coral4", "weight": 4 },
    { "model": "minecraft:block/tube_coral/tube_coral5", "weight": 4 },
    { "model": "minecraft:block/tube_coral/tube_coral6", "weight": 2 },
    { "model": "minecraft:block/tube_coral/tube_coral7", "weight": 1 },
    { "model": "minecraft:block/tube_coral/tube_coral8", "weight": 4 },
    { "model": "minecraft:block/tube_coral/tube_coral9", "weight": 4 },
    { "model": "minecraft:block/tube_coral/tube_coral10", "weight": 2 },
    { "model": "minecraft:block/tube_coral/tube_coral11", "weight": 1 },
    { "model": "minecraft:block/tube_coral/tube_coral12", "weight": 4 },
    { "model": "minecraft:block/tube_coral/tube_coral13", "weight": 4 },
    { "model": "minecraft:block/tube_coral/tube_coral14", "weight": 2 },
    { "model": "minecraft:block/tube_coral/tube_coral15", "weight": 1 },
    { "model": "minecraft:block/tube_coral/tube_coral16", "weight": 4 },
    { "model": "minecraft:block/tube_coral/tube_coral17", "weight": 4 },
    { "model": "minecraft:block/tube_coral/tube_coral18", "weight": 2 },
    { "model": "minecraft:block/tube_coral/tube_coral19", "weight": 1 },
    { "model": "minecraft:block/tube_coral/tube_coral20", "weight": 4 },
    { "model": "minecraft:block/tube_coral/tube_coral21", "weight": 4 },
    { "model": "minecraft:block/tube_coral/tube_coral22", "weight": 2 },
    { "model": "minecraft:block/tube_coral/tube_coral23", "weight": 1 } ]
  }
}