{
  "variants": {
    "": [ { "model": "minecraft:block/dandelion" },
    { "model": "minecraft:block/dandelion/dandelion1" },
    { "model": "minecraft:block/dandelion/dandelion2" },
    { "model": "minecraft:block/dandelion/dandelion3" },
    { "model": "minecraft:block/dandelion/dandelion4" },
    { "model": "minecraft:block/dandelion/dandelion5" },
    { "model": "minecraft:block/dandelion/dandelion6" },
    { "model": "minecraft:block/dandelion/dandelion7" },
    { "model": "minecraft:block/dandelion/dandelion8" },
    { "model": "minecraft:block/dandelion/dandelion9" },
    { "model": "minecraft:block/dandelion/dandelion10" },
    { "model": "minecraft:block/dandelion/dandelion11" },
    { "model": "minecraft:block/dandelion/dandelion12" },
    { "model": "minecraft:block/dandelion/dandelion13" },
    { "model": "minecraft:block/dandelion/dandelion14" },
    { "model": "minecraft:block/dandelion/dandelion15" },
    { "model": "minecraft:block/dandelion/dandelion16" },
    { "model": "minecraft:block/dandelion/dandelion17" },
    { "model": "minecraft:block/dandelion/dandelion18" },
    { "model": "minecraft:block/dandelion/dandelion19" },
    { "model": "minecraft:block/dandelion/dandelion20" },
    { "model": "minecraft:block/dandelion/dandelion21" },
    { "model": "minecraft:block/dandelion/dandelion22" },
    { "model": "minecraft:block/dandelion/dandelion23" } ]
  }
}