{
  "variants": {
    "": [ { "model": "minecraft:block/dead_fire_coral", "weight": 4 },
    { "model": "minecraft:block/dead_fire_coral/dead_fire_coral1", "weight": 4 },
    { "model": "minecraft:block/dead_fire_coral/dead_fire_coral2", "weight": 2 },
    { "model": "minecraft:block/dead_fire_coral/dead_fire_coral3", "weight": 1 },
    { "model": "minecraft:block/dead_fire_coral/dead_fire_coral4", "weight": 4 },
    { "model": "minecraft:block/dead_fire_coral/dead_fire_coral5", "weight": 4 },
    { "model": "minecraft:block/dead_fire_coral/dead_fire_coral6", "weight": 2 },
    { "model": "minecraft:block/dead_fire_coral/dead_fire_coral7", "weight": 1 },
    { "model": "minecraft:block/dead_fire_coral/dead_fire_coral8", "weight": 4 },
    { "model": "minecraft:block/dead_fire_coral/dead_fire_coral9", "weight": 4 },
    { "model": "minecraft:block/dead_fire_coral/dead_fire_coral10", "weight": 2 },
    { "model": "minecraft:block/dead_fire_coral/dead_fire_coral11", "weight": 1 },
    { "model": "minecraft:block/dead_fire_coral/dead_fire_coral12", "weight": 4 },
    { "model": "minecraft:block/dead_fire_coral/dead_fire_coral13", "weight": 4 },
    { "model": "minecraft:block/dead_fire_coral/dead_fire_coral14", "weight": 2 },
    { "model": "minecraft:block/dead_fire_coral/dead_fire_coral15", "weight": 1 },
    { "model": "minecraft:block/dead_fire_coral/dead_fire_coral16", "weight": 4 },
    { "model": "minecraft:block/dead_fire_coral/dead_fire_coral17", "weight": 4 },
    { "model": "minecraft:block/dead_fire_coral/dead_fire_coral18", "weight": 2 },
    { "model": "minecraft:block/dead_fire_coral/dead_fire_coral19", "weight": 1 },
    { "model": "minecraft:block/dead_fire_coral/dead_fire_coral20", "weight": 4 },
    { "model": "minecraft:block/dead_fire_coral/dead_fire_coral21", "weight": 4 },
    { "model": "minecraft:block/dead_fire_coral/dead_fire_coral22", "weight": 2 },
    { "model": "minecraft:block/dead_fire_coral/dead_fire_coral23", "weight": 1 } ]
  }
}