{
  "variants": {
    "": [ { "model": "minecraft:block/stone" },
      { "model": "minecraft:block/stone_mirrored" },
      { "model": "minecraft:block/stone/stone1" },
      { "model": "minecraft:block/stone/stone_mirrored1" },
      { "model": "minecraft:block/stone/stone2" },
      { "model": "minecraft:block/stone/stone_mirrored2" },
      { "model": "minecraft:block/stone/stone3" },
      { "model": "minecraft:block/stone/stone_mirrored3" },
      { "model": "minecraft:block/stone", "y": 180 },
      { "model": "minecraft:block/stone_mirrored", "y": 180 },
      { "model": "minecraft:block/stone/stone1", "y": 180 },
      { "model": "minecraft:block/stone/stone_mirrored1", "y": 180 },
      { "model": "minecraft:block/stone/stone2", "y": 180 },
      { "model": "minecraft:block/stone/stone_mirrored2", "y": 180 },
      { "model": "minecraft:block/stone/stone3", "y": 180 },
      { "model": "minecraft:block/stone/stone_mirrored3", "y": 180 } ]
  }
}