{
  "variants": {
    "type=bottom": [ { "model": "minecraft:block/dark_oak_slab" },
    { "model": "minecraft:block/dark_oak_slab/dark_oak_slab1" },
    { "model": "minecraft:block/dark_oak_slab/dark_oak_slab2" },
    { "model": "minecraft:block/dark_oak_slab/dark_oak_slab3" } ],
    "type=double": { "model": "minecraft:block/dark_oak_double_slab" },
    "type=top": [ { "model": "minecraft:block/dark_oak_slab_top" },
    { "model": "minecraft:block/dark_oak_slab/dark_oak_slab_top1" },
    { "model": "minecraft:block/dark_oak_slab/dark_oak_slab_top2" },
    { "model": "minecraft:block/dark_oak_slab/dark_oak_slab_top3" } ]
  }
}