{
  "variants": {
    "type=bottom": [ { "model": "minecraft:block/spruce_slab" },
    { "model": "minecraft:block/spruce_slab/spruce_slab1" },
    { "model": "minecraft:block/spruce_slab/spruce_slab2" },
    { "model": "minecraft:block/spruce_slab/spruce_slab3" } ],
    "type=double": { "model": "minecraft:block/spruce_double_slab" },
    "type=top": [ { "model": "minecraft:block/spruce_slab_top" },
    { "model": "minecraft:block/spruce_slab/spruce_slab_top1" },
    { "model": "minecraft:block/spruce_slab/spruce_slab_top2" },
    { "model": "minecraft:block/spruce_slab/spruce_slab_top3" } ]
  }
}