{
  "variants": {
    "": [ { "model": "minecraft:block/birch_leaves" },
    { "model": "minecraft:block/birch_leaves", "y": 90 },
    { "model": "minecraft:block/birch_leaves", "y": 180 },
    { "model": "minecraft:block/birch_leaves", "y": 270 },
    { "model": "minecraft:block/birch_leaves", "x": 90 },
    { "model": "minecraft:block/birch_leaves", "x": 90, "y": 90 },
    { "model": "minecraft:block/birch_leaves", "x": 90, "y": 180 },
    { "model": "minecraft:block/birch_leaves", "x": 90, "y": 270 },
    { "model": "minecraft:block/birch_leaves", "x": 180 },
    { "model": "minecraft:block/birch_leaves", "x": 180, "y": 90 },
    { "model": "minecraft:block/birch_leaves", "x": 180, "y": 180 },
    { "model": "minecraft:block/birch_leaves", "x": 180, "y": 270 },
    { "model": "minecraft:block/birch_leaves", "x": 270 },
    { "model": "minecraft:block/birch_leaves", "x": 270, "y": 90 },
    { "model": "minecraft:block/birch_leaves", "x": 270, "y": 180 },
    { "model": "minecraft:block/birch_leaves", "x": 270, "y": 270 } ]
  }
}