{
  "variants": {
    "axis=x": [ { "model": "minecraft:block/birch_log", "x": 90, "y": 90 },
    { "model": "minecraft:block/birch_log/birch_log1", "x": 90, "y": 90 },
    { "model": "minecraft:block/birch_log/birch_log2", "x": 90, "y": 90 },
    { "model": "minecraft:block/birch_log/birch_log3", "x": 90, "y": 90 },
    { "model": "minecraft:block/birch_log/birch_log4", "x": 90, "y": 90 },
    { "model": "minecraft:block/birch_log/birch_log5", "x": 90, "y": 90 },
    { "model": "minecraft:block/birch_log/birch_log6", "x": 90, "y": 90 },
    { "model": "minecraft:block/birch_log/birch_log7", "x": 90, "y": 90 },
    { "model": "minecraft:block/birch_log", "x": 270, "y": 90 },
    { "model": "minecraft:block/birch_log/birch_log1", "x": 270, "y": 90 },
    { "model": "minecraft:block/birch_log/birch_log2", "x": 270, "y": 90 },
    { "model": "minecraft:block/birch_log/birch_log3", "x": 270, "y": 90 },
    { "model": "minecraft:block/birch_log/birch_log4", "x": 270, "y": 90 },
    { "model": "minecraft:block/birch_log/birch_log5", "x": 270, "y": 90 },
    { "model": "minecraft:block/birch_log/birch_log6", "x": 270, "y": 90 },
    { "model": "minecraft:block/birch_log/birch_log7", "x": 270, "y": 90 } ],
    "axis=y": [ { "model": "minecraft:block/birch_log" },
    { "model": "minecraft:block/birch_log/birch_log1" },
    { "model": "minecraft:block/birch_log/birch_log2" },
    { "model": "minecraft:block/birch_log/birch_log3" },
    { "model": "minecraft:block/birch_log/birch_log4" },
    { "model": "minecraft:block/birch_log/birch_log5" },
    { "model": "minecraft:block/birch_log/birch_log6" },
    { "model": "minecraft:block/birch_log/birch_log7" },
    { "model": "minecraft:block/birch_log", "x": 180 },
    { "model": "minecraft:block/birch_log/birch_log1", "x": 180 },
    { "model": "minecraft:block/birch_log/birch_log2", "x": 180 },
    { "model": "minecraft:block/birch_log/birch_log3", "x": 180 },
    { "model": "minecraft:block/birch_log/birch_log4", "x": 180 },
    { "model": "minecraft:block/birch_log/birch_log5", "x": 180 },
    { "model": "minecraft:block/birch_log/birch_log6", "x": 180 },
    { "model": "minecraft:block/birch_log/birch_log7", "x": 180 } ],
    "axis=z": [ { "model": "minecraft:block/birch_log", "x": 90 },
    { "model": "minecraft:block/birch_log/birch_log1", "x": 90 },
    { "model": "minecraft:block/birch_log/birch_log2", "x": 90 },
    { "model": "minecraft:block/birch_log/birch_log3", "x": 90 },
    { "model": "minecraft:block/birch_log/birch_log4", "x": 90 },
    { "model": "minecraft:block/birch_log/birch_log5", "x": 90 },
    { "model": "minecraft:block/birch_log/birch_log6", "x": 90 },
    { "model": "minecraft:block/birch_log/birch_log7", "x": 90 },
    { "model": "minecraft:block/birch_log", "x": 270 },
    { "model": "minecraft:block/birch_log/birch_log1", "x": 270 },
    { "model": "minecraft:block/birch_log/birch_log2", "x": 270 },
    { "model": "minecraft:block/birch_log/birch_log3", "x": 270 },
    { "model": "minecraft:block/birch_log/birch_log4", "x": 270 },
    { "model": "minecraft:block/birch_log/birch_log5", "x": 270 },
    { "model": "minecraft:block/birch_log/birch_log6", "x": 270 },
    { "model": "minecraft:block/birch_log/birch_log7", "x": 270 } ]
  }
}