{
  "variants": {
    "type=bottom": [ { "model": "minecraft:block/brick_slab" },
    { "model": "minecraft:block/brick_slab/brick_slab1" },
    { "model": "minecraft:block/brick_slab/brick_slab2" },
    { "model": "minecraft:block/brick_slab/brick_slab3" },
    { "model": "minecraft:block/brick_slab/brick_slab4" },
    { "model": "minecraft:block/brick_slab/brick_slab5" },
    { "model": "minecraft:block/brick_slab/brick_slab6" },
    { "model": "minecraft:block/brick_slab/brick_slab7" } ],
    "type=double": { "model": "minecraft:block/brick_double_slab" },
    "type=top": [ { "model": "minecraft:block/brick_slab_top"},
    { "model": "minecraft:block/brick_slab/brick_slab_top1"},
    { "model": "minecraft:block/brick_slab/brick_slab_top2"},
    { "model": "minecraft:block/brick_slab/brick_slab_top3"},
    { "model": "minecraft:block/brick_slab/brick_slab_top4"},
    { "model": "minecraft:block/brick_slab/brick_slab_top5"},
    { "model": "minecraft:block/brick_slab/brick_slab_top6"},
    { "model": "minecraft:block/brick_slab/brick_slab_top7"} ]
    
  }
}