{
  "variants": {
    "": [ { "model": "minecraft:block/dead_horn_coral", "weight": 4 },
    { "model": "minecraft:block/dead_horn_coral/dead_horn_coral1", "weight": 4 },
    { "model": "minecraft:block/dead_horn_coral/dead_horn_coral2", "weight": 2 },
    { "model": "minecraft:block/dead_horn_coral/dead_horn_coral3", "weight": 1 },
    { "model": "minecraft:block/dead_horn_coral/dead_horn_coral4", "weight": 4 },
    { "model": "minecraft:block/dead_horn_coral/dead_horn_coral5", "weight": 4 },
    { "model": "minecraft:block/dead_horn_coral/dead_horn_coral6", "weight": 2 },
    { "model": "minecraft:block/dead_horn_coral/dead_horn_coral7", "weight": 1 },
    { "model": "minecraft:block/dead_horn_coral/dead_horn_coral8", "weight": 4 },
    { "model": "minecraft:block/dead_horn_coral/dead_horn_coral9", "weight": 4 },
    { "model": "minecraft:block/dead_horn_coral/dead_horn_coral10", "weight": 2 },
    { "model": "minecraft:block/dead_horn_coral/dead_horn_coral11", "weight": 1 },
    { "model": "minecraft:block/dead_horn_coral/dead_horn_coral12", "weight": 4 },
    { "model": "minecraft:block/dead_horn_coral/dead_horn_coral13", "weight": 4 },
    { "model": "minecraft:block/dead_horn_coral/dead_horn_coral14", "weight": 2 },
    { "model": "minecraft:block/dead_horn_coral/dead_horn_coral15", "weight": 1 },
    { "model": "minecraft:block/dead_horn_coral/dead_horn_coral16", "weight": 4 },
    { "model": "minecraft:block/dead_horn_coral/dead_horn_coral17", "weight": 4 },
    { "model": "minecraft:block/dead_horn_coral/dead_horn_coral18", "weight": 2 },
    { "model": "minecraft:block/dead_horn_coral/dead_horn_coral19", "weight": 1 },
    { "model": "minecraft:block/dead_horn_coral/dead_horn_coral20", "weight": 4 },
    { "model": "minecraft:block/dead_horn_coral/dead_horn_coral21", "weight": 4 },
    { "model": "minecraft:block/dead_horn_coral/dead_horn_coral22", "weight": 2 },
    { "model": "minecraft:block/dead_horn_coral/dead_horn_coral23", "weight": 1 } ]
  }
}