{
  "variants": {
    "lit=false": [ { "model": "minecraft:block/deepslate_redstone_ore/deepslate_redstone_ore_unlit" },
    { "model": "minecraft:block/deepslate_redstone_ore/deepslate_redstone_ore1_unlit"},
    { "model": "minecraft:block/deepslate_redstone_ore/deepslate_redstone_ore2_unlit" },
    { "model": "minecraft:block/deepslate_redstone_ore/deepslate_redstone_ore3_unlit" } ],
    "lit=true": [ { "model": "minecraft:block/deepslate_redstone_ore" },
    { "model": "minecraft:block/deepslate_redstone_ore/deepslate_redstone_ore1" },
    { "model": "minecraft:block/deepslate_redstone_ore/deepslate_redstone_ore2" },
    { "model": "minecraft:block/deepslate_redstone_ore/deepslate_redstone_ore3" } ]
  }
}