{
  "variants": {
    "": [ { "model": "minecraft:block/potted_lily_of_the_valley" },
    { "model": "minecraft:block/potted_lily_of_the_valley/potted_lily_of_the_valley1" },
    { "model": "minecraft:block/potted_lily_of_the_valley/potted_lily_of_the_valley2" },
    { "model": "minecraft:block/potted_lily_of_the_valley/potted_lily_of_the_valley3" },
    { "model": "minecraft:block/potted_lily_of_the_valley/potted_lily_of_the_valley4" },
    { "model": "minecraft:block/potted_lily_of_the_valley/potted_lily_of_the_valley5" } ]
  }
}