{
  "variants": {
    "type=bottom": [ { "model": "minecraft:block/warped_slab" },
    { "model": "minecraft:block/warped_slab/warped_slab1" },
    { "model": "minecraft:block/warped_slab/warped_slab2" },
    { "model": "minecraft:block/warped_slab/warped_slab3" } ],
    "type=double": { "model": "minecraft:block/warped_double_slab" },
    "type=top": [ { "model": "minecraft:block/warped_slab_top" },
    { "model": "minecraft:block/warped_slab/warped_slab_top1" },
    { "model": "minecraft:block/warped_slab/warped_slab_top2" },
    { "model": "minecraft:block/warped_slab/warped_slab_top3" } ]
  }
}