{
  "variants": {
    "": [ { "model": "minecraft:block/warped_fungus/warped_fungus" },
    { "model": "minecraft:block/warped_fungus/warped_fungus", "y": 90 },
    { "model": "minecraft:block/warped_fungus/warped_fungus", "y": 180 },
    { "model": "minecraft:block/warped_fungus/warped_fungus", "y": 270 },
    { "model": "minecraft:block/warped_fungus/warped_fungus1" },
    { "model": "minecraft:block/warped_fungus/warped_fungus1", "y": 90 },
    { "model": "minecraft:block/warped_fungus/warped_fungus1", "y": 180  },
    { "model": "minecraft:block/warped_fungus/warped_fungus1", "y": 270  },
    { "model": "minecraft:block/warped_fungus/warped_fungus2" },
    { "model": "minecraft:block/warped_fungus/warped_fungus2", "y": 90 },
    { "model": "minecraft:block/warped_fungus/warped_fungus2", "y": 180  },
    { "model": "minecraft:block/warped_fungus/warped_fungus2", "y": 270  },
    { "model": "minecraft:block/warped_fungus/warped_fungus3" },
    { "model": "minecraft:block/warped_fungus/warped_fungus3", "y": 90 },
    { "model": "minecraft:block/warped_fungus/warped_fungus3", "y": 180  },
    { "model": "minecraft:block/warped_fungus/warped_fungus3", "y": 270  } ]
  }
}