{
  "variants": {
    "type=bottom": [ { "model": "minecraft:block/bamboo_slab" },
    { "model": "minecraft:block/bamboo_slab/bamboo_slab1" },
    { "model": "minecraft:block/bamboo_slab/bamboo_slab2" },
    { "model": "minecraft:block/bamboo_slab/bamboo_slab3" } ],
    "type=double": { "model": "minecraft:block/bamboo_double_slab" },
    "type=top": [ { "model": "minecraft:block/bamboo_slab_top" },
    { "model": "minecraft:block/bamboo_slab/bamboo_slab_top1" },
    { "model": "minecraft:block/bamboo_slab/bamboo_slab_top2" },
    { "model": "minecraft:block/bamboo_slab/bamboo_slab_top3" } ]
  }
}