{
  "variants": {
    "": [ { "model": "minecraft:block/dead_bush"},
    { "model": "minecraft:block/dead_bush/dead_bush1"},
    { "model": "minecraft:block/dead_bush/dead_bush2"},
    { "model": "minecraft:block/dead_bush/dead_bush3"},
    { "model": "minecraft:block/dead_bush/dead_bush4"},
    { "model": "minecraft:block/dead_bush/dead_bush5"},
    { "model": "minecraft:block/dead_bush/dead_bush6"},
    { "model": "minecraft:block/dead_bush/dead_bush7"},
    { "model": "minecraft:block/dead_bush/dead_bush8"},
    { "model": "minecraft:block/dead_bush/dead_bush9"},
    { "model": "minecraft:block/dead_bush/dead_bush10"},
    { "model": "minecraft:block/dead_bush/dead_bush11"},
    { "model": "minecraft:block/dead_bush/dead_bush12"},
    { "model": "minecraft:block/dead_bush/dead_bush13"},
    { "model": "minecraft:block/dead_bush/dead_bush14"},
    { "model": "minecraft:block/dead_bush/dead_bush15"},
    { "model": "minecraft:block/dead_bush/dead_bush16"},
    { "model": "minecraft:block/dead_bush/dead_bush17"},
    { "model": "minecraft:block/dead_bush/dead_bush18"},
    { "model": "minecraft:block/dead_bush/dead_bush19"},
    { "model": "minecraft:block/dead_bush/dead_bush20"},
    { "model": "minecraft:block/dead_bush/dead_bush21"},
    { "model": "minecraft:block/dead_bush/dead_bush22"},
    { "model": "minecraft:block/dead_bush/dead_bush23"} ]
  }
}