{
  "variants": {
    "": [ { "model": "minecraft:block/poppy" },
    { "model": "minecraft:block/poppy/poppy1" },
    { "model": "minecraft:block/poppy/poppy2" },
    { "model": "minecraft:block/poppy/poppy3" },
    { "model": "minecraft:block/poppy/poppy4" },
    { "model": "minecraft:block/poppy/poppy5" },
    { "model": "minecraft:block/poppy/poppy6" },
    { "model": "minecraft:block/poppy/poppy7" },
    { "model": "minecraft:block/poppy/poppy8" },
    { "model": "minecraft:block/poppy/poppy9" },
    { "model": "minecraft:block/poppy/poppy10" },
    { "model": "minecraft:block/poppy/poppy11" },
    { "model": "minecraft:block/poppy/poppy12" },
    { "model": "minecraft:block/poppy/poppy13" },
    { "model": "minecraft:block/poppy/poppy14" },
    { "model": "minecraft:block/poppy/poppy15" },
    { "model": "minecraft:block/poppy/poppy16" },
    { "model": "minecraft:block/poppy/poppy17" },
    { "model": "minecraft:block/poppy/poppy18" },
    { "model": "minecraft:block/poppy/poppy19" },
    { "model": "minecraft:block/poppy/poppy20" },
    { "model": "minecraft:block/poppy/poppy21" },
    { "model": "minecraft:block/poppy/poppy22" },
    { "model": "minecraft:block/poppy/poppy23" } ]
  }
}