{
  "variants": {
    "moisture=0": [ { "model": "minecraft:block/farmland" },
    { "model": "minecraft:block/farmland/farmland1" },
    { "model": "minecraft:block/farmland/farmland2" },
    { "model": "minecraft:block/farmland/farmland3" },
    { "model": "minecraft:block/farmland", "y": 180 },
    { "model": "minecraft:block/farmland/farmland1", "y": 180 },
    { "model": "minecraft:block/farmland/farmland2", "y": 180 },
    { "model": "minecraft:block/farmland/farmland3", "y": 180 } ],
    "moisture=1": [ { "model": "minecraft:block/farmland/farmland_moisture_1" },
    { "model": "minecraft:block/farmland/farmland_moisture_1_1" },
    { "model": "minecraft:block/farmland/farmland_moisture_1_2" },
    { "model": "minecraft:block/farmland/farmland_moisture_1_3" },
    { "model": "minecraft:block/farmland/farmland_moisture_1", "y": 180 },
    { "model": "minecraft:block/farmland/farmland_moisture_1_1", "y": 180 },
    { "model": "minecraft:block/farmland/farmland_moisture_1_2", "y": 180 },
    { "model": "minecraft:block/farmland/farmland_moisture_1_3", "y": 180 } ],
    "moisture=2": [ { "model": "minecraft:block/farmland/farmland_moisture_2" },
    { "model": "minecraft:block/farmland/farmland_moisture_2_1" },
    { "model": "minecraft:block/farmland/farmland_moisture_2_2" },
    { "model": "minecraft:block/farmland/farmland_moisture_2_3" },
    { "model": "minecraft:block/farmland/farmland_moisture_2", "y": 180 },
    { "model": "minecraft:block/farmland/farmland_moisture_2_1", "y": 180 },
    { "model": "minecraft:block/farmland/farmland_moisture_2_2", "y": 180 },
    { "model": "minecraft:block/farmland/farmland_moisture_2_3", "y": 180 } ],
    "moisture=3": [ { "model": "minecraft:block/farmland/farmland_moisture_3" },
    { "model": "minecraft:block/farmland/farmland_moisture_3_1" },
    { "model": "minecraft:block/farmland/farmland_moisture_3_2" },
    { "model": "minecraft:block/farmland/farmland_moisture_3_3" },
    { "model": "minecraft:block/farmland/farmland_moisture_3", "y": 180 },
    { "model": "minecraft:block/farmland/farmland_moisture_3_1", "y": 180 },
    { "model": "minecraft:block/farmland/farmland_moisture_3_2", "y": 180 },
    { "model": "minecraft:block/farmland/farmland_moisture_3_3", "y": 180 } ],
    "moisture=4": [ { "model": "minecraft:block/farmland/farmland_moisture_4" },
    { "model": "minecraft:block/farmland/farmland_moisture_4_1" },
    { "model": "minecraft:block/farmland/farmland_moisture_4_2" },
    { "model": "minecraft:block/farmland/farmland_moisture_4_3" },
    { "model": "minecraft:block/farmland/farmland_moisture_4", "y": 180 },
    { "model": "minecraft:block/farmland/farmland_moisture_4_1", "y": 180 },
    { "model": "minecraft:block/farmland/farmland_moisture_4_2", "y": 180 },
    { "model": "minecraft:block/farmland/farmland_moisture_4_3", "y": 180 } ],
    "moisture=5": [ { "model": "minecraft:block/farmland/farmland_moisture_5" },
    { "model": "minecraft:block/farmland/farmland_moisture_5_1" },
    { "model": "minecraft:block/farmland/farmland_moisture_5_2" },
    { "model": "minecraft:block/farmland/farmland_moisture_5_3" },
    { "model": "minecraft:block/farmland/farmland_moisture_5", "y": 180 },
    { "model": "minecraft:block/farmland/farmland_moisture_5_1", "y": 180 },
    { "model": "minecraft:block/farmland/farmland_moisture_5_2", "y": 180 },
    { "model": "minecraft:block/farmland/farmland_moisture_5_3", "y": 180 } ],
    "moisture=6": [ { "model": "minecraft:block/farmland/farmland_moisture_6" },
    { "model": "minecraft:block/farmland/farmland_moisture_6_1" },
    { "model": "minecraft:block/farmland/farmland_moisture_6_2" },
    { "model": "minecraft:block/farmland/farmland_moisture_6_3" },
    { "model": "minecraft:block/farmland/farmland_moisture_6", "y": 180 },
    { "model": "minecraft:block/farmland/farmland_moisture_6_1", "y": 180 },
    { "model": "minecraft:block/farmland/farmland_moisture_6_2", "y": 180 },
    { "model": "minecraft:block/farmland/farmland_moisture_6_3", "y": 180 } ],
    "moisture=7": [ { "model": "minecraft:block/farmland/farmland_moist" },
    { "model": "minecraft:block/farmland/farmland_moist1" },
    { "model": "minecraft:block/farmland/farmland_moist2" },
    { "model": "minecraft:block/farmland/farmland_moist3" },
    { "model": "minecraft:block/farmland/farmland_moist", "y": 180 },
    { "model": "minecraft:block/farmland/farmland_moist1", "y": 180 },
    { "model": "minecraft:block/farmland/farmland_moist2", "y": 180 },
    { "model": "minecraft:block/farmland/farmland_moist3", "y": 180 }  ]
  }
}