{
  "variants": {
    "": [ { "model": "minecraft:block/pink_tulip/pink_tulip" },
    { "model": "minecraft:block/pink_tulip/pink_tulip1" },
    { "model": "minecraft:block/pink_tulip/pink_tulip2" },
    { "model": "minecraft:block/pink_tulip/pink_tulip3" },
    { "model": "minecraft:block/pink_tulip/pink_tulip1", "y":90 },
    { "model": "minecraft:block/pink_tulip/pink_tulip2", "y":90 },
    { "model": "minecraft:block/pink_tulip/pink_tulip3", "y":90 },
    { "model": "minecraft:block/pink_tulip/pink_tulip1", "y":180 },
    { "model": "minecraft:block/pink_tulip/pink_tulip2", "y":180 },
    { "model": "minecraft:block/pink_tulip/pink_tulip3", "y":180 },
    { "model": "minecraft:block/pink_tulip/pink_tulip1", "y":270 },
    { "model": "minecraft:block/pink_tulip/pink_tulip2", "y":270 },
    { "model": "minecraft:block/pink_tulip/pink_tulip3", "y":270 } ]
  }
}