{
  "variants": {
    "age=0,half=lower": { "model": "minecraft:block/pitcher_crop_bottom_stage_0" },
    "age=0,half=upper": { "model": "minecraft:block/pitcher_crop_top_stage_0" },
    "age=1,half=lower": [ { "model": "minecraft:block/pitcher_crop_bottom_stage_1", "weight":4 },
    { "model": "minecraft:block/pitcher_crop/pitcher_crop_bottom_stage_1_1", "weight":4 },
    { "model": "minecraft:block/pitcher_crop/pitcher_crop_bottom_stage_1_2", "weight":4 },
    { "model": "minecraft:block/pitcher_crop/pitcher_crop_bottom_stage_1_3", "weight":4 },
    { "model": "minecraft:block/pitcher_crop/pitcher_crop_bottom_stage_1_4", "weight":4 },
    { "model": "minecraft:block/pitcher_crop/pitcher_crop_bottom_stage_1_5", "weight":4 } ],
    "age=1,half=upper": { "model": "minecraft:block/pitcher_crop_top_stage_1" },
    "age=2,half=lower": [ { "model": "minecraft:block/pitcher_crop_bottom_stage_2", "weight":4 },
    { "model": "minecraft:block/pitcher_crop/pitcher_crop_bottom_stage_2_1", "weight":4 },
    { "model": "minecraft:block/pitcher_crop/pitcher_crop_bottom_stage_2_2", "weight":4 },
    { "model": "minecraft:block/pitcher_crop/pitcher_crop_bottom_stage_2_3", "weight":4 },
    { "model": "minecraft:block/pitcher_crop/pitcher_crop_bottom_stage_2_4", "weight":4 },
    { "model": "minecraft:block/pitcher_crop/pitcher_crop_bottom_stage_2_5", "weight":4 } ],
    "age=2,half=upper": { "model": "minecraft:block/pitcher_crop_top_stage_2" },
    "age=3,half=lower": [ { "model": "minecraft:block/pitcher_crop_bottom_stage_3", "weight":4 },
    { "model": "minecraft:block/pitcher_crop/pitcher_crop_bottom_stage_3_1", "weight":4 },
    { "model": "minecraft:block/pitcher_crop/pitcher_crop_bottom_stage_3_2", "weight":4 },
    { "model": "minecraft:block/pitcher_crop/pitcher_crop_bottom_stage_3_3", "weight":4 },
    { "model": "minecraft:block/pitcher_crop/pitcher_crop_bottom_stage_3_4", "weight":4 },
    { "model": "minecraft:block/pitcher_crop/pitcher_crop_bottom_stage_3_5", "weight":4 } ],
    "age=3,half=upper": [ { "model": "minecraft:block/pitcher_crop_top_stage_3", "weight":4 },
    { "model": "minecraft:block/pitcher_crop/pitcher_crop_top_stage_3_1", "weight":4 },
    { "model": "minecraft:block/pitcher_crop/pitcher_crop_top_stage_3_2", "weight":4 },
    { "model": "minecraft:block/pitcher_crop/pitcher_crop_top_stage_3_3", "weight":4 },
    { "model": "minecraft:block/pitcher_crop/pitcher_crop_top_stage_3_4", "weight":4 },
    { "model": "minecraft:block/pitcher_crop/pitcher_crop_top_stage_3_5", "weight":4 } ],
    "age=4,half=lower": [ { "model": "minecraft:block/pitcher_crop_bottom_stage_4" },
    { "model": "minecraft:block/pitcher_crop/pitcher_crop_bottom_stage_4_1" },
    { "model": "minecraft:block/pitcher_crop/pitcher_crop_bottom_stage_4_2" },
    { "model": "minecraft:block/pitcher_crop/pitcher_crop_bottom_stage_4_3" },
    { "model": "minecraft:block/pitcher_crop/pitcher_crop_bottom_stage_4_4" },
    { "model": "minecraft:block/pitcher_crop/pitcher_crop_bottom_stage_4_5" },
    { "model": "minecraft:block/pitcher_crop/pitcher_crop_bottom_stage_4_6" },
    { "model": "minecraft:block/pitcher_crop/pitcher_crop_bottom_stage_4_7" },
    { "model": "minecraft:block/pitcher_crop/pitcher_crop_bottom_stage_4_8" },
    { "model": "minecraft:block/pitcher_crop/pitcher_crop_bottom_stage_4_9" },
    { "model": "minecraft:block/pitcher_crop/pitcher_crop_bottom_stage_4_10" },
    { "model": "minecraft:block/pitcher_crop/pitcher_crop_bottom_stage_4_11" },
    { "model": "minecraft:block/pitcher_crop/pitcher_crop_bottom_stage_4_12" },
    { "model": "minecraft:block/pitcher_crop/pitcher_crop_bottom_stage_4_13" },
    { "model": "minecraft:block/pitcher_crop/pitcher_crop_bottom_stage_4_14" },
    { "model": "minecraft:block/pitcher_crop/pitcher_crop_bottom_stage_4_15" },
    { "model": "minecraft:block/pitcher_crop/pitcher_crop_bottom_stage_4_16" },
    { "model": "minecraft:block/pitcher_crop/pitcher_crop_bottom_stage_4_17" },
    { "model": "minecraft:block/pitcher_crop/pitcher_crop_bottom_stage_4_18" },
    { "model": "minecraft:block/pitcher_crop/pitcher_crop_bottom_stage_4_19" },
    { "model": "minecraft:block/pitcher_crop/pitcher_crop_bottom_stage_4_20" },
    { "model": "minecraft:block/pitcher_crop/pitcher_crop_bottom_stage_4_21" },
    { "model": "minecraft:block/pitcher_crop/pitcher_crop_bottom_stage_4_22" },
    { "model": "minecraft:block/pitcher_crop/pitcher_crop_bottom_stage_4_23" } ],
    "age=4,half=upper": [ { "model": "minecraft:block/pitcher_crop_top_stage_4" },
    { "model": "minecraft:block/pitcher_crop/pitcher_crop_top_stage_4_1" },
    { "model": "minecraft:block/pitcher_crop/pitcher_crop_top_stage_4_2" },
    { "model": "minecraft:block/pitcher_crop/pitcher_crop_top_stage_4_3" },
    { "model": "minecraft:block/pitcher_crop/pitcher_crop_top_stage_4_4" },
    { "model": "minecraft:block/pitcher_crop/pitcher_crop_top_stage_4_5" },
    { "model": "minecraft:block/pitcher_crop/pitcher_crop_top_stage_4_6" },
    { "model": "minecraft:block/pitcher_crop/pitcher_crop_top_stage_4_7" },
    { "model": "minecraft:block/pitcher_crop/pitcher_crop_top_stage_4_8" },
    { "model": "minecraft:block/pitcher_crop/pitcher_crop_top_stage_4_9" },
    { "model": "minecraft:block/pitcher_crop/pitcher_crop_top_stage_4_10" },
    { "model": "minecraft:block/pitcher_crop/pitcher_crop_top_stage_4_11" },
    { "model": "minecraft:block/pitcher_crop/pitcher_crop_top_stage_4_12" },
    { "model": "minecraft:block/pitcher_crop/pitcher_crop_top_stage_4_13" },
    { "model": "minecraft:block/pitcher_crop/pitcher_crop_top_stage_4_14" },
    { "model": "minecraft:block/pitcher_crop/pitcher_crop_top_stage_4_15" },
    { "model": "minecraft:block/pitcher_crop/pitcher_crop_top_stage_4_16" },
    { "model": "minecraft:block/pitcher_crop/pitcher_crop_top_stage_4_17" },
    { "model": "minecraft:block/pitcher_crop/pitcher_crop_top_stage_4_18" },
    { "model": "minecraft:block/pitcher_crop/pitcher_crop_top_stage_4_19" },
    { "model": "minecraft:block/pitcher_crop/pitcher_crop_top_stage_4_20" },
    { "model": "minecraft:block/pitcher_crop/pitcher_crop_top_stage_4_21" },
    { "model": "minecraft:block/pitcher_crop/pitcher_crop_top_stage_4_22" },
    { "model": "minecraft:block/pitcher_crop/pitcher_crop_top_stage_4_23" } ]
  }
}