{
	"providers": [
		{
			"type": "ttf",
			"file": "minecraft:negative_spaces.ttf",
			"shift": [0.0, 0.0],
			"size": 10.0,
			"oversample": 1.0
		},
		{
			"type": "bitmap",
			"file": "minecraft:font/1truk.png",
			"ascent": 7,
			"height": 8,
			"chars": ["\uE001"]
		},
		{
			"type": "bitmap",
			"file": "minecraft:font/pig-face.png",
			"ascent": 50,
			"height": 100,
			"chars": ["\uE002"]
		},
		{
			"type": "bitmap",
			"file": "minecraft:font/pig-face.png",
			"ascent": 100000,
			"height": 100000,
			"chars": ["\uE003"]
		},
		{
			"type": "bitmap",
			"file": "minecraft:font/pig-face_ascent.png",
			"ascent": 7,
			"height": 256,
			"chars": ["\uE004"]
		},
		{
			"type": "bitmap",
			"file": "minecraft:font/pig-face_ascent.png",
			"ascent": 30,
			"height": 256,
			"chars": ["\uE005"]
		},
		{
			"type": "bitmap",
			"file": "minecraft:font/thirst.png",
			"ascent": -14,
			"height": 9,
			"chars": ["\uE006"]
		},
		{
			"type": "bitmap",
			"file": "minecraft:font/drop.png",
			"ascent": -14,
			"height": 8,
			"chars": ["\uE007"]
		},
		{
			"type": "bitmap",
			"file": "minecraft:font/drop_half.png",
			"ascent": -14,
			"height": 8,
			"chars": ["\uE008"]
		},
		{
			"type": "bitmap",
			"file": "minecraft:font/interface.png",
			"ascent": 183,
			"height": 256,
			"chars": ["\uE009"]
		}
	]
}