{
  "variants": {
    "type=bottom": [ { "model": "minecraft:block/cherry_slab" },
    { "model": "minecraft:block/cherry_slab/cherry_slab1" },
    { "model": "minecraft:block/cherry_slab/cherry_slab2" },
    { "model": "minecraft:block/cherry_slab/cherry_slab3" } ],
    "type=double": { "model": "minecraft:block/cherry_double_slab" },
    "type=top": [ { "model": "minecraft:block/cherry_slab_top" },
    { "model": "minecraft:block/cherry_slab/cherry_slab_top1" },
    { "model": "minecraft:block/cherry_slab/cherry_slab_top2" },
    { "model": "minecraft:block/cherry_slab/cherry_slab_top3" } ]
  }
}