{
	"credit": "Made with Blockbench",
	"texture_size": [32, 32],
	"textures": {
		"0": "block/allium/allium2",
		"particle": "block/allium/allium2"
	},
	"elements": [
		{
			"from": [5, 0, 4.5],
			"to": [5, 9, 5.5],
			"rotation": {"angle": 45, "axis": "y", "origin": [5, 4.5, 5]},
			"faces": {
				"north": {"uv": [0, 0, 0, 4.5], "texture": "#missing"},
				"east": {"uv": [2.5, 11.5, 3, 16], "texture": "#0"},
				"south": {"uv": [0, 0, 0, 4.5], "texture": "#missing"},
				"west": {"uv": [2.5, 11.5, 3, 16], "texture": "#0"},
				"up": {"uv": [0, 0, 0, 0.5], "texture": "#missing"},
				"down": {"uv": [0, 0, 0, 0.5], "texture": "#missing"}
			}
		},
		{
			"from": [4.5, 0, 5],
			"to": [5.5, 9, 5],
			"rotation": {"angle": 45, "axis": "y", "origin": [5, 4.5, 5]},
			"faces": {
				"north": {"uv": [2.5, 11.5, 3, 16], "texture": "#0"},
				"east": {"uv": [0, 0, 0, 4.5], "texture": "#missing"},
				"south": {"uv": [2.5, 11.5, 3, 16], "texture": "#0"},
				"west": {"uv": [0, 0, 0, 4.5], "texture": "#missing"},
				"up": {"uv": [0, 0, 0, 0.5], "rotation": 270, "texture": "#missing"},
				"down": {"uv": [0, 0, 0, 0.5], "rotation": 90, "texture": "#missing"}
			}
		},
		{
			"from": [2, 9, 2],
			"to": [8, 14, 8],
			"rotation": {"angle": 22.5, "axis": "y", "origin": [5, 11.5, 5]},
			"faces": {
				"north": {"uv": [3, 2.5, 6, 5], "texture": "#0"},
				"east": {"uv": [3, 2.5, 6, 5], "texture": "#0"},
				"south": {"uv": [3, 2.5, 6, 5], "texture": "#0"},
				"west": {"uv": [3, 2.5, 6, 5], "texture": "#0"},
				"up": {"uv": [0, 2.5, 3, 5.5], "texture": "#0"},
				"down": {"uv": [6, 2.5, 9, 5.5], "texture": "#0"}
			}
		},
		{
			"from": [12.5, 0, 8],
			"to": [12.5, 11, 9],
			"rotation": {"angle": 45, "axis": "y", "origin": [12.5, 5.5, 8.5]},
			"faces": {
				"north": {"uv": [0, 0, 0, 5.5], "texture": "#missing"},
				"east": {"uv": [7, 10.5, 7.5, 16], "texture": "#0"},
				"south": {"uv": [0, 0, 0, 5.5], "texture": "#missing"},
				"west": {"uv": [7, 10.5, 7.5, 16], "texture": "#0"},
				"up": {"uv": [0, 0, 0, 0.5], "texture": "#missing"},
				"down": {"uv": [0, 0, 0, 0.5], "texture": "#missing"}
			}
		},
		{
			"from": [12.5, 0, 8],
			"to": [12.5, 11, 9],
			"rotation": {"angle": -45, "axis": "y", "origin": [12.5, 5.5, 8.5]},
			"faces": {
				"north": {"uv": [0, 0, 0, 5.5], "texture": "#missing"},
				"east": {"uv": [7, 10.5, 7.5, 16], "texture": "#0"},
				"south": {"uv": [0, 0, 0, 5.5], "texture": "#missing"},
				"west": {"uv": [7, 10.5, 7.5, 16], "texture": "#0"},
				"up": {"uv": [0, 0, 0, 0.5], "texture": "#missing"},
				"down": {"uv": [0, 0, 0, 0.5], "texture": "#missing"}
			}
		},
		{
			"from": [10, 10, 6],
			"to": [15, 15, 11],
			"rotation": {"angle": 0, "axis": "y", "origin": [-1, 0, 1]},
			"faces": {
				"north": {"uv": [2.5, 0, 5, 2.5], "texture": "#0"},
				"east": {"uv": [2.5, 0, 5, 2.5], "texture": "#0"},
				"south": {"uv": [2.5, 0, 5, 2.5], "texture": "#0"},
				"west": {"uv": [2.5, 0, 5, 2.5], "texture": "#0"},
				"up": {"uv": [0, 0, 2.5, 2.5], "texture": "#0"},
				"down": {"uv": [5, 0, 7.5, 2.5], "texture": "#0"}
			}
		},
		{
			"from": [7, 0, 12.5],
			"to": [7, 7, 13.5],
			"rotation": {"angle": 45, "axis": "y", "origin": [7, 3.5, 13]},
			"faces": {
				"north": {"uv": [0, 0, 0, 3.5], "texture": "#missing"},
				"east": {"uv": [11.5, 12.5, 12, 16], "texture": "#0"},
				"south": {"uv": [0, 0, 0, 3.5], "texture": "#missing"},
				"west": {"uv": [11.5, 12.5, 12, 16], "texture": "#0"},
				"up": {"uv": [0, 0, 0, 0.5], "texture": "#missing"},
				"down": {"uv": [0, 0, 0, 0.5], "texture": "#missing"}
			}
		},
		{
			"from": [7, 0, 12.5],
			"to": [7, 7, 13.5],
			"rotation": {"angle": -45, "axis": "y", "origin": [7, 3.5, 13]},
			"faces": {
				"north": {"uv": [0, 0, 0, 3.5], "texture": "#missing"},
				"east": {"uv": [11.5, 12.5, 12, 16], "texture": "#0"},
				"south": {"uv": [0, 0, 0, 3.5], "texture": "#missing"},
				"west": {"uv": [11.5, 12.5, 12, 16], "texture": "#0"},
				"up": {"uv": [0, 0, 0, 0.5], "texture": "#missing"},
				"down": {"uv": [0, 0, 0, 0.5], "texture": "#missing"}
			}
		},
		{
			"from": [5, 7, 11],
			"to": [9, 11, 15],
			"rotation": {"angle": 45, "axis": "y", "origin": [7, 9, 13]},
			"faces": {
				"north": {"uv": [9.5, 0, 11.5, 2], "texture": "#0"},
				"east": {"uv": [9.5, 0, 11.5, 2], "texture": "#0"},
				"south": {"uv": [9.5, 0, 11.5, 2], "texture": "#0"},
				"west": {"uv": [9.5, 0, 11.5, 2], "texture": "#0"},
				"up": {"uv": [7.5, 0, 9.5, 2], "texture": "#0"},
				"down": {"uv": [11.5, 0, 13.5, 2], "texture": "#0"}
			}
		}
	]
}