{
	"credit": "Made with Blockbench",
	"texture_size": [32, 32],
	"textures": {
		"0": "block/allium/allium3",
		"particle": "block/allium/allium3"
	},
	"elements": [
		{
			"from": [4, 0, 3.5],
			"to": [4, 7, 4.5],
			"rotation": {"angle": 45, "axis": "y", "origin": [4, 3.5, 4]},
			"faces": {
				"north": {"uv": [0, 0, 0, 3.5], "texture": "#missing"},
				"east": {"uv": [2, 12.5, 2.5, 16], "texture": "#0"},
				"south": {"uv": [0, 0, 0, 3.5], "texture": "#missing"},
				"west": {"uv": [2, 12.5, 2.5, 16], "texture": "#0"},
				"up": {"uv": [0, 0, 0, 0.5], "texture": "#missing"},
				"down": {"uv": [0, 0, 0, 0.5], "texture": "#missing"}
			}
		},
		{
			"from": [4, 0, 3.5],
			"to": [4, 7, 4.5],
			"rotation": {"angle": -45, "axis": "y", "origin": [4, 3.5, 4]},
			"faces": {
				"north": {"uv": [0, 0, 0, 3.5], "texture": "#missing"},
				"east": {"uv": [2, 12.5, 2.5, 16], "texture": "#0"},
				"south": {"uv": [0, 0, 0, 3.5], "texture": "#missing"},
				"west": {"uv": [2, 12.5, 2.5, 16], "texture": "#0"},
				"up": {"uv": [0, 0, 0, 0.5], "texture": "#missing"},
				"down": {"uv": [0, 0, 0, 0.5], "texture": "#missing"}
			}
		},
		{
			"from": [2, 7, 2],
			"to": [6, 11, 6],
			"rotation": {"angle": 22.5, "axis": "y", "origin": [4, 9, 4]},
			"faces": {
				"north": {"uv": [2, 2.5, 4, 4.5], "texture": "#0"},
				"east": {"uv": [2, 2.5, 4, 4.5], "texture": "#0"},
				"south": {"uv": [2, 2.5, 4, 4.5], "texture": "#0"},
				"west": {"uv": [2, 2.5, 4, 4.5], "texture": "#0"},
				"up": {"uv": [0, 2.5, 2, 4.5], "texture": "#0"},
				"down": {"uv": [4, 2.5, 6, 4.5], "texture": "#0"}
			}
		},
		{
			"from": [12, 0, 6.5],
			"to": [13, 9, 6.5],
			"rotation": {"angle": 45, "axis": "y", "origin": [12.5, 4.5, 6.5]},
			"faces": {
				"north": {"uv": [6, 11.5, 6.5, 16], "texture": "#0"},
				"east": {"uv": [0, 0, 0, 4.5], "texture": "#missing"},
				"south": {"uv": [6, 11.5, 6.5, 16], "texture": "#0"},
				"west": {"uv": [0, 0, 0, 4.5], "texture": "#missing"},
				"up": {"uv": [0, 0, 0.5, 0], "texture": "#missing"},
				"down": {"uv": [0, 0, 0.5, 0], "texture": "#missing"}
			}
		},
		{
			"from": [12, 0, 6.5],
			"to": [13, 9, 6.5],
			"rotation": {"angle": -45, "axis": "y", "origin": [12.5, 4.5, 6.5]},
			"faces": {
				"north": {"uv": [6, 11.5, 6.5, 16], "texture": "#0"},
				"east": {"uv": [0, 0, 0, 4.5], "texture": "#missing"},
				"south": {"uv": [6, 11.5, 6.5, 16], "texture": "#0"},
				"west": {"uv": [0, 0, 0, 4.5], "texture": "#missing"},
				"up": {"uv": [0, 0, 0.5, 0], "texture": "#missing"},
				"down": {"uv": [0, 0, 0.5, 0], "texture": "#missing"}
			}
		},
		{
			"from": [3, 10, 8],
			"to": [8, 15, 13],
			"rotation": {"angle": -22.5, "axis": "y", "origin": [5.5, 12.5, 10.5]},
			"faces": {
				"north": {"uv": [2.5, 0, 5, 2.5], "texture": "#0"},
				"east": {"uv": [2.5, 0, 5, 2.5], "texture": "#0"},
				"south": {"uv": [2.5, 0, 5, 2.5], "texture": "#0"},
				"west": {"uv": [2.5, 0, 5, 2.5], "texture": "#0"},
				"up": {"uv": [0, 0, 2.5, 2.5], "texture": "#0"},
				"down": {"uv": [5, 0, 7.5, 2.5], "texture": "#0"}
			}
		},
		{
			"from": [5.5, 0, 10],
			"to": [5.5, 10, 11],
			"rotation": {"angle": 45, "axis": "y", "origin": [5.5, 5, 10.5]},
			"faces": {
				"north": {"uv": [0, 0, 0, 5], "texture": "#missing"},
				"east": {"uv": [10, 11, 10.5, 16], "texture": "#0"},
				"south": {"uv": [0, 0, 0, 5], "texture": "#missing"},
				"west": {"uv": [10, 11, 10.5, 16], "texture": "#0"},
				"up": {"uv": [0, 0, 0, 0.5], "texture": "#missing"},
				"down": {"uv": [0, 0, 0, 0.5], "texture": "#missing"}
			}
		},
		{
			"from": [5.5, 0, 10],
			"to": [5.5, 10, 11],
			"rotation": {"angle": -45, "axis": "y", "origin": [5.5, 5, 10.5]},
			"faces": {
				"north": {"uv": [0, 0, 0, 5], "texture": "#missing"},
				"east": {"uv": [10, 11, 10.5, 16], "texture": "#0"},
				"south": {"uv": [0, 0, 0, 5], "texture": "#missing"},
				"west": {"uv": [10, 11, 10.5, 16], "texture": "#0"},
				"up": {"uv": [0, 0, 0, 0.5], "texture": "#missing"},
				"down": {"uv": [0, 0, 0, 0.5], "texture": "#missing"}
			}
		},
		{
			"from": [10, 9, 4],
			"to": [15, 13, 9],
			"rotation": {"angle": 45, "axis": "y", "origin": [12.5, 11, 6.5]},
			"faces": {
				"north": {"uv": [13.5, 0, 16, 2], "texture": "#0"},
				"east": {"uv": [13.5, 0, 16, 2], "texture": "#0"},
				"south": {"uv": [13.5, 0, 16, 2], "texture": "#0"},
				"west": {"uv": [13.5, 0, 16, 2], "texture": "#0"},
				"up": {"uv": [11, 0, 13.5, 2.5], "texture": "#0"},
				"down": {"uv": [5, 0, 7.5, 2.5], "texture": "#0"}
			}
		},
		{
			"from": [11, 0, 12.5],
			"to": [11, 8, 13.5],
			"rotation": {"angle": 45, "axis": "y", "origin": [11, 4, 13]},
			"faces": {
				"north": {"uv": [0, 0, 0, 4], "texture": "#missing"},
				"east": {"uv": [14, 12, 14.5, 16], "texture": "#0"},
				"south": {"uv": [0, 0, 0, 4], "texture": "#missing"},
				"west": {"uv": [14, 12, 14.5, 16], "texture": "#0"},
				"up": {"uv": [0, 0, 0, 0.5], "texture": "#missing"},
				"down": {"uv": [0, 0, 0, 0.5], "texture": "#missing"}
			}
		},
		{
			"from": [11, 0, 12.5],
			"to": [11, 8, 13.5],
			"rotation": {"angle": -45, "axis": "y", "origin": [11, 4, 13]},
			"faces": {
				"north": {"uv": [0, 0, 0, 4], "texture": "#missing"},
				"east": {"uv": [14, 12, 14.5, 16], "texture": "#0"},
				"south": {"uv": [0, 0, 0, 4], "texture": "#missing"},
				"west": {"uv": [14, 12, 14.5, 16], "texture": "#0"},
				"up": {"uv": [0, 0, 0, 0.5], "texture": "#missing"},
				"down": {"uv": [0, 0, 0, 0.5], "texture": "#missing"}
			}
		},
		{
			"from": [9, 8, 11],
			"to": [13, 12, 15],
			"rotation": {"angle": 22.5, "axis": "y", "origin": [11, 10, 13]},
			"faces": {
				"north": {"uv": [14, 2.5, 16, 4.5], "texture": "#0"},
				"east": {"uv": [14, 2.5, 16, 4.5], "texture": "#0"},
				"south": {"uv": [14, 2.5, 16, 4.5], "texture": "#0"},
				"west": {"uv": [14, 2.5, 16, 4.5], "texture": "#0"},
				"up": {"uv": [12, 2.5, 14, 4.5], "texture": "#0"},
				"down": {"uv": [4, 2.5, 6, 4.5], "texture": "#0"}
			}
		}
	]
}