{
  "variants": {
    "stage=0": [ { "model": "minecraft:block/acacia_sapling" },
    { "model": "minecraft:block/acacia_sapling/acacia_sapling1" },
    { "model": "minecraft:block/acacia_sapling/acacia_sapling2" },
    { "model": "minecraft:block/acacia_sapling/acacia_sapling3" },
    { "model": "minecraft:block/acacia_sapling/acacia_sapling4" },
    { "model": "minecraft:block/acacia_sapling/acacia_sapling5" } ],
    "stage=1": [ { "model": "minecraft:block/acacia_sapling/acacia_sapling_tall" },
    { "model": "minecraft:block/acacia_sapling/acacia_sapling_tall1" },
    { "model": "minecraft:block/acacia_sapling/acacia_sapling_tall2" },
    { "model": "minecraft:block/acacia_sapling/acacia_sapling_tall3" },
    { "model": "minecraft:block/acacia_sapling/acacia_sapling_tall4" },
    { "model": "minecraft:block/acacia_sapling/acacia_sapling_tall5" } ]
  }
}