{
  "variants": {
    "": [ { "model": "minecraft:block/hanging_roots" },
    { "model": "minecraft:block/hanging_roots/hanging_roots1" },
    { "model": "minecraft:block/hanging_roots/hanging_roots2" },
    { "model": "minecraft:block/hanging_roots/hanging_roots3" },
    { "model": "minecraft:block/hanging_roots/hanging_roots4" },
    { "model": "minecraft:block/hanging_roots/hanging_roots5" },
    { "model": "minecraft:block/hanging_roots/hanging_roots6" },
    { "model": "minecraft:block/hanging_roots/hanging_roots7" },
    { "model": "minecraft:block/hanging_roots/hanging_roots8" },
    { "model": "minecraft:block/hanging_roots/hanging_roots9" },
    { "model": "minecraft:block/hanging_roots/hanging_roots10" },
    { "model": "minecraft:block/hanging_roots/hanging_roots11" },
    { "model": "minecraft:block/hanging_roots/hanging_roots12" },
    { "model": "minecraft:block/hanging_roots/hanging_roots13" },
    { "model": "minecraft:block/hanging_roots/hanging_roots14" },
    { "model": "minecraft:block/hanging_roots/hanging_roots15" },
    { "model": "minecraft:block/hanging_roots/hanging_roots16" },
    { "model": "minecraft:block/hanging_roots/hanging_roots17" },
    { "model": "minecraft:block/hanging_roots/hanging_roots18" },
    { "model": "minecraft:block/hanging_roots/hanging_roots19" },
    { "model": "minecraft:block/hanging_roots/hanging_roots20" },
    { "model": "minecraft:block/hanging_roots/hanging_roots21" },
    { "model": "minecraft:block/hanging_roots/hanging_roots22" },
    { "model": "minecraft:block/hanging_roots/hanging_roots23" },
    { "model": "minecraft:block/hanging_roots/hanging_roots24" },
    { "model": "minecraft:block/hanging_roots/hanging_roots25" },
    { "model": "minecraft:block/hanging_roots/hanging_roots26" },
    { "model": "minecraft:block/hanging_roots/hanging_roots27" },
    { "model": "minecraft:block/hanging_roots/hanging_roots28" },
    { "model": "minecraft:block/hanging_roots/hanging_roots29" },
    { "model": "minecraft:block/hanging_roots/hanging_roots30" },
    { "model": "minecraft:block/hanging_roots/hanging_roots31" },
    { "model": "minecraft:block/hanging_roots/hanging_roots32" },
    { "model": "minecraft:block/hanging_roots/hanging_roots33" },
    { "model": "minecraft:block/hanging_roots/hanging_roots34" },
    { "model": "minecraft:block/hanging_roots/hanging_roots35" },
    { "model": "minecraft:block/hanging_roots/hanging_roots36" },
    { "model": "minecraft:block/hanging_roots/hanging_roots37" },
    { "model": "minecraft:block/hanging_roots/hanging_roots38" },
    { "model": "minecraft:block/hanging_roots/hanging_roots39" },
    { "model": "minecraft:block/hanging_roots/hanging_roots40" },
    { "model": "minecraft:block/hanging_roots/hanging_roots41" },
    { "model": "minecraft:block/hanging_roots/hanging_roots42" },
    { "model": "minecraft:block/hanging_roots/hanging_roots43" },
    { "model": "minecraft:block/hanging_roots/hanging_roots44" },
    { "model": "minecraft:block/hanging_roots/hanging_roots45" },
    { "model": "minecraft:block/hanging_roots/hanging_roots46" },
    { "model": "minecraft:block/hanging_roots/hanging_roots47" } ]
  }
}