{
  "variants": {
    "facing=east,half=bottom,shape=inner_left": [ { "model": "minecraft:block/mud_brick_stairs_inner", "uvlock": true, "y": 270 },
    { "model": "minecraft:block/mud_brick_stairs/mud_brick_stairs_inner1", "uvlock": true, "y": 270 },
    { "model": "minecraft:block/mud_brick_stairs/mud_brick_stairs_inner2", "uvlock": true, "y": 270 },
    { "model": "minecraft:block/mud_brick_stairs/mud_brick_stairs_inner3", "uvlock": true, "y": 270 },
    { "model": "minecraft:block/mud_brick_stairs/mud_brick_stairs_inner4", "uvlock": true, "y": 270 },
    { "model": "minecraft:block/mud_brick_stairs/mud_brick_stairs_inner5", "uvlock": true, "y": 270 },
    { "model": "minecraft:block/mud_brick_stairs/mud_brick_stairs_inner6", "uvlock": true, "y": 270 },
    { "model": "minecraft:block/mud_brick_stairs/mud_brick_stairs_inner7", "uvlock": true, "y": 270 } ],
    "facing=east,half=bottom,shape=inner_right": [ { "model": "minecraft:block/mud_brick_stairs_inner" },
    { "model": "minecraft:block/mud_brick_stairs/mud_brick_stairs_inner1" },
    { "model": "minecraft:block/mud_brick_stairs/mud_brick_stairs_inner2" },
    { "model": "minecraft:block/mud_brick_stairs/mud_brick_stairs_inner3" },
    { "model": "minecraft:block/mud_brick_stairs/mud_brick_stairs_inner4" },
    { "model": "minecraft:block/mud_brick_stairs/mud_brick_stairs_inner5" },
    { "model": "minecraft:block/mud_brick_stairs/mud_brick_stairs_inner6" },
    { "model": "minecraft:block/mud_brick_stairs/mud_brick_stairs_inner7" } ],
    "facing=east,half=bottom,shape=outer_left": [ { "model": "minecraft:block/mud_brick_stairs_outer", "uvlock": true, "y": 270 },
    { "model": "minecraft:block/mud_brick_stairs/mud_brick_stairs_outer1", "uvlock": true, "y": 270 },
    { "model": "minecraft:block/mud_brick_stairs/mud_brick_stairs_outer2", "uvlock": true, "y": 270 },
    { "model": "minecraft:block/mud_brick_stairs/mud_brick_stairs_outer3", "uvlock": true, "y": 270 },
    { "model": "minecraft:block/mud_brick_stairs/mud_brick_stairs_outer4", "uvlock": true, "y": 270 },
    { "model": "minecraft:block/mud_brick_stairs/mud_brick_stairs_outer5", "uvlock": true, "y": 270 },
    { "model": "minecraft:block/mud_brick_stairs/mud_brick_stairs_outer6", "uvlock": true, "y": 270 },
    { "model": "minecraft:block/mud_brick_stairs/mud_brick_stairs_outer7", "uvlock": true, "y": 270 } ],
    "facing=east,half=bottom,shape=outer_right": [ { "model": "minecraft:block/mud_brick_stairs_outer" },
    { "model": "minecraft:block/mud_brick_stairs/mud_brick_stairs_outer1" },
    { "model": "minecraft:block/mud_brick_stairs/mud_brick_stairs_outer2" },
    { "model": "minecraft:block/mud_brick_stairs/mud_brick_stairs_outer3" },
    { "model": "minecraft:block/mud_brick_stairs/mud_brick_stairs_outer4" },
    { "model": "minecraft:block/mud_brick_stairs/mud_brick_stairs_outer5" },
    { "model": "minecraft:block/mud_brick_stairs/mud_brick_stairs_outer6" },
    { "model": "minecraft:block/mud_brick_stairs/mud_brick_stairs_outer7" } ],
    "facing=east,half=bottom,shape=straight": [ { "model": "minecraft:block/mud_brick_stairs" },
    { "model": "minecraft:block/mud_brick_stairs/mud_brick_stairs1" },
    { "model": "minecraft:block/mud_brick_stairs/mud_brick_stairs2" },
    { "model": "minecraft:block/mud_brick_stairs/mud_brick_stairs3" },
    { "model": "minecraft:block/mud_brick_stairs/mud_brick_stairs4" },
    { "model": "minecraft:block/mud_brick_stairs/mud_brick_stairs5" },
    { "model": "minecraft:block/mud_brick_stairs/mud_brick_stairs6" },
    { "model": "minecraft:block/mud_brick_stairs/mud_brick_stairs7" } ],
    "facing=east,half=top,shape=inner_left": [ { "model": "minecraft:block/mud_brick_stairs_inner", "uvlock": true, "x": 180 },
    { "model": "minecraft:block/mud_brick_stairs/mud_brick_stairs_inner1", "uvlock": true, "x": 180 },
    { "model": "minecraft:block/mud_brick_stairs/mud_brick_stairs_inner2", "uvlock": true, "x": 180 },
    { "model": "minecraft:block/mud_brick_stairs/mud_brick_stairs_inner3", "uvlock": true, "x": 180 },
    { "model": "minecraft:block/mud_brick_stairs/mud_brick_stairs_inner4", "uvlock": true, "x": 180 },
    { "model": "minecraft:block/mud_brick_stairs/mud_brick_stairs_inner5", "uvlock": true, "x": 180 },
    { "model": "minecraft:block/mud_brick_stairs/mud_brick_stairs_inner6", "uvlock": true, "x": 180 },
    { "model": "minecraft:block/mud_brick_stairs/mud_brick_stairs_inner7", "uvlock": true, "x": 180 } ],
    "facing=east,half=top,shape=inner_right": [ { "model": "minecraft:block/mud_brick_stairs_inner", "uvlock": true, "x": 180, "y": 90 },
    { "model": "minecraft:block/mud_brick_stairs/mud_brick_stairs_inner1", "uvlock": true, "x": 180, "y": 90 },
    { "model": "minecraft:block/mud_brick_stairs/mud_brick_stairs_inner2", "uvlock": true, "x": 180, "y": 90 },
    { "model": "minecraft:block/mud_brick_stairs/mud_brick_stairs_inner3", "uvlock": true, "x": 180, "y": 90 },
    { "model": "minecraft:block/mud_brick_stairs/mud_brick_stairs_inner4", "uvlock": true, "x": 180, "y": 90 },
    { "model": "minecraft:block/mud_brick_stairs/mud_brick_stairs_inner5", "uvlock": true, "x": 180, "y": 90 },
    { "model": "minecraft:block/mud_brick_stairs/mud_brick_stairs_inner6", "uvlock": true, "x": 180, "y": 90 },
    { "model": "minecraft:block/mud_brick_stairs/mud_brick_stairs_inner7", "uvlock": true, "x": 180, "y": 90 } ],
    "facing=east,half=top,shape=outer_left": [ { "model": "minecraft:block/mud_brick_stairs_outer", "uvlock": true, "x": 180 },
    { "model": "minecraft:block/mud_brick_stairs/mud_brick_stairs_outer1", "uvlock": true, "x": 180 },
    { "model": "minecraft:block/mud_brick_stairs/mud_brick_stairs_outer2", "uvlock": true, "x": 180 },
    { "model": "minecraft:block/mud_brick_stairs/mud_brick_stairs_outer3", "uvlock": true, "x": 180 },
    { "model": "minecraft:block/mud_brick_stairs/mud_brick_stairs_outer4", "uvlock": true, "x": 180 },
    { "model": "minecraft:block/mud_brick_stairs/mud_brick_stairs_outer5", "uvlock": true, "x": 180 },
    { "model": "minecraft:block/mud_brick_stairs/mud_brick_stairs_outer6", "uvlock": true, "x": 180 },
    { "model": "minecraft:block/mud_brick_stairs/mud_brick_stairs_outer7", "uvlock": true, "x": 180 } ],
    "facing=east,half=top,shape=outer_right": [ { "model": "minecraft:block/mud_brick_stairs_outer", "uvlock": true, "x": 180, "y": 90 },
    { "model": "minecraft:block/mud_brick_stairs/mud_brick_stairs_outer1", "uvlock": true, "x": 180, "y": 90 },
    { "model": "minecraft:block/mud_brick_stairs/mud_brick_stairs_outer2", "uvlock": true, "x": 180, "y": 90 },
    { "model": "minecraft:block/mud_brick_stairs/mud_brick_stairs_outer3", "uvlock": true, "x": 180, "y": 90 },
    { "model": "minecraft:block/mud_brick_stairs/mud_brick_stairs_outer4", "uvlock": true, "x": 180, "y": 90 },
    { "model": "minecraft:block/mud_brick_stairs/mud_brick_stairs_outer5", "uvlock": true, "x": 180, "y": 90 },
    { "model": "minecraft:block/mud_brick_stairs/mud_brick_stairs_outer6", "uvlock": true, "x": 180, "y": 90 },
    { "model": "minecraft:block/mud_brick_stairs/mud_brick_stairs_outer7", "uvlock": true, "x": 180, "y": 90 } ],
    "facing=east,half=top,shape=straight": [ { "model": "minecraft:block/mud_brick_stairs", "uvlock": true, "x": 180 },
    { "model": "minecraft:block/mud_brick_stairs/mud_brick_stairs1", "uvlock": true, "x": 180 },
    { "model": "minecraft:block/mud_brick_stairs/mud_brick_stairs2", "uvlock": true, "x": 180 },
    { "model": "minecraft:block/mud_brick_stairs/mud_brick_stairs3", "uvlock": true, "x": 180 },
    { "model": "minecraft:block/mud_brick_stairs/mud_brick_stairs4", "uvlock": true, "x": 180 },
    { "model": "minecraft:block/mud_brick_stairs/mud_brick_stairs5", "uvlock": true, "x": 180 },
    { "model": "minecraft:block/mud_brick_stairs/mud_brick_stairs6", "uvlock": true, "x": 180 },
    { "model": "minecraft:block/mud_brick_stairs/mud_brick_stairs7", "uvlock": true, "x": 180 } ],
    "facing=north,half=bottom,shape=inner_left": [ { "model": "minecraft:block/mud_brick_stairs_inner", "uvlock": true, "y": 180 },
    { "model": "minecraft:block/mud_brick_stairs/mud_brick_stairs_inner1", "uvlock": true, "y": 180 },
    { "model": "minecraft:block/mud_brick_stairs/mud_brick_stairs_inner2", "uvlock": true, "y": 180 },
    { "model": "minecraft:block/mud_brick_stairs/mud_brick_stairs_inner3", "uvlock": true, "y": 180 },
    { "model": "minecraft:block/mud_brick_stairs/mud_brick_stairs_inner4", "uvlock": true, "y": 180 },
    { "model": "minecraft:block/mud_brick_stairs/mud_brick_stairs_inner5", "uvlock": true, "y": 180 },
    { "model": "minecraft:block/mud_brick_stairs/mud_brick_stairs_inner6", "uvlock": true, "y": 180 },
    { "model": "minecraft:block/mud_brick_stairs/mud_brick_stairs_inner7", "uvlock": true, "y": 180 } ],
    "facing=north,half=bottom,shape=inner_right": [ { "model": "minecraft:block/mud_brick_stairs_inner", "uvlock": true, "y": 270 },
    { "model": "minecraft:block/mud_brick_stairs/mud_brick_stairs_inner1", "uvlock": true, "y": 270 },
    { "model": "minecraft:block/mud_brick_stairs/mud_brick_stairs_inner2", "uvlock": true, "y": 270 },
    { "model": "minecraft:block/mud_brick_stairs/mud_brick_stairs_inner3", "uvlock": true, "y": 270 },
    { "model": "minecraft:block/mud_brick_stairs/mud_brick_stairs_inner4", "uvlock": true, "y": 270 },
    { "model": "minecraft:block/mud_brick_stairs/mud_brick_stairs_inner5", "uvlock": true, "y": 270 },
    { "model": "minecraft:block/mud_brick_stairs/mud_brick_stairs_inner6", "uvlock": true, "y": 270 },
    { "model": "minecraft:block/mud_brick_stairs/mud_brick_stairs_inner7", "uvlock": true, "y": 270 } ],
    "facing=north,half=bottom,shape=outer_left": [ { "model": "minecraft:block/mud_brick_stairs_outer", "uvlock": true, "y": 180 },
    { "model": "minecraft:block/mud_brick_stairs/mud_brick_stairs_outer1", "uvlock": true, "y": 180 },
    { "model": "minecraft:block/mud_brick_stairs/mud_brick_stairs_outer2", "uvlock": true, "y": 180 },
    { "model": "minecraft:block/mud_brick_stairs/mud_brick_stairs_outer3", "uvlock": true, "y": 180 },
    { "model": "minecraft:block/mud_brick_stairs/mud_brick_stairs_outer4", "uvlock": true, "y": 180 },
    { "model": "minecraft:block/mud_brick_stairs/mud_brick_stairs_outer5", "uvlock": true, "y": 180 },
    { "model": "minecraft:block/mud_brick_stairs/mud_brick_stairs_outer6", "uvlock": true, "y": 180 },
    { "model": "minecraft:block/mud_brick_stairs/mud_brick_stairs_outer7", "uvlock": true, "y": 180 } ],
    "facing=north,half=bottom,shape=outer_right": [ { "model": "minecraft:block/mud_brick_stairs_outer", "uvlock": true, "y": 270 },
    { "model": "minecraft:block/mud_brick_stairs/mud_brick_stairs_outer1", "uvlock": true, "y": 270 },
    { "model": "minecraft:block/mud_brick_stairs/mud_brick_stairs_outer2", "uvlock": true, "y": 270 },
    { "model": "minecraft:block/mud_brick_stairs/mud_brick_stairs_outer3", "uvlock": true, "y": 270 },
    { "model": "minecraft:block/mud_brick_stairs/mud_brick_stairs_outer4", "uvlock": true, "y": 270 },
    { "model": "minecraft:block/mud_brick_stairs/mud_brick_stairs_outer5", "uvlock": true, "y": 270 },
    { "model": "minecraft:block/mud_brick_stairs/mud_brick_stairs_outer6", "uvlock": true, "y": 270 },
    { "model": "minecraft:block/mud_brick_stairs/mud_brick_stairs_outer7", "uvlock": true, "y": 270 } ],
    "facing=north,half=bottom,shape=straight": [ { "model": "minecraft:block/mud_brick_stairs", "uvlock": true, "y": 270 },
    { "model": "minecraft:block/mud_brick_stairs/mud_brick_stairs1", "uvlock": true, "y": 270 },
    { "model": "minecraft:block/mud_brick_stairs/mud_brick_stairs2", "uvlock": true, "y": 270 },
    { "model": "minecraft:block/mud_brick_stairs/mud_brick_stairs3", "uvlock": true, "y": 270 },
    { "model": "minecraft:block/mud_brick_stairs/mud_brick_stairs4", "uvlock": true, "y": 270 },
    { "model": "minecraft:block/mud_brick_stairs/mud_brick_stairs5", "uvlock": true, "y": 270 },
    { "model": "minecraft:block/mud_brick_stairs/mud_brick_stairs6", "uvlock": true, "y": 270 },
    { "model": "minecraft:block/mud_brick_stairs/mud_brick_stairs7", "uvlock": true, "y": 270 } ],
    "facing=north,half=top,shape=inner_left": [ { "model": "minecraft:block/mud_brick_stairs_inner", "uvlock": true, "x": 180, "y": 270 },
    { "model": "minecraft:block/mud_brick_stairs/mud_brick_stairs_inner1", "uvlock": true, "x": 180, "y": 270 },
    { "model": "minecraft:block/mud_brick_stairs/mud_brick_stairs_inner2", "uvlock": true, "x": 180, "y": 270 },
    { "model": "minecraft:block/mud_brick_stairs/mud_brick_stairs_inner3", "uvlock": true, "x": 180, "y": 270 },
    { "model": "minecraft:block/mud_brick_stairs/mud_brick_stairs_inner4", "uvlock": true, "x": 180, "y": 270 },
    { "model": "minecraft:block/mud_brick_stairs/mud_brick_stairs_inner5", "uvlock": true, "x": 180, "y": 270 },
    { "model": "minecraft:block/mud_brick_stairs/mud_brick_stairs_inner6", "uvlock": true, "x": 180, "y": 270 },
    { "model": "minecraft:block/mud_brick_stairs/mud_brick_stairs_inner7", "uvlock": true, "x": 180, "y": 270 } ],
    "facing=north,half=top,shape=inner_right": [ { "model": "minecraft:block/mud_brick_stairs_inner", "uvlock": true, "x": 180 },
    { "model": "minecraft:block/mud_brick_stairs/mud_brick_stairs_inner1", "uvlock": true, "x": 180 },
    { "model": "minecraft:block/mud_brick_stairs/mud_brick_stairs_inner2", "uvlock": true, "x": 180 },
    { "model": "minecraft:block/mud_brick_stairs/mud_brick_stairs_inner3", "uvlock": true, "x": 180 },
    { "model": "minecraft:block/mud_brick_stairs/mud_brick_stairs_inner4", "uvlock": true, "x": 180 },
    { "model": "minecraft:block/mud_brick_stairs/mud_brick_stairs_inner5", "uvlock": true, "x": 180 },
    { "model": "minecraft:block/mud_brick_stairs/mud_brick_stairs_inner6", "uvlock": true, "x": 180 },
    { "model": "minecraft:block/mud_brick_stairs/mud_brick_stairs_inner7", "uvlock": true, "x": 180 } ],
    "facing=north,half=top,shape=outer_left": [ { "model": "minecraft:block/mud_brick_stairs_outer", "uvlock": true, "x": 180, "y": 270 },
    { "model": "minecraft:block/mud_brick_stairs/mud_brick_stairs_outer1", "uvlock": true, "x": 180, "y": 270 },
    { "model": "minecraft:block/mud_brick_stairs/mud_brick_stairs_outer2", "uvlock": true, "x": 180, "y": 270 },
    { "model": "minecraft:block/mud_brick_stairs/mud_brick_stairs_outer3", "uvlock": true, "x": 180, "y": 270 },
    { "model": "minecraft:block/mud_brick_stairs/mud_brick_stairs_outer4", "uvlock": true, "x": 180, "y": 270 },
    { "model": "minecraft:block/mud_brick_stairs/mud_brick_stairs_outer5", "uvlock": true, "x": 180, "y": 270 },
    { "model": "minecraft:block/mud_brick_stairs/mud_brick_stairs_outer6", "uvlock": true, "x": 180, "y": 270 },
    { "model": "minecraft:block/mud_brick_stairs/mud_brick_stairs_outer7", "uvlock": true, "x": 180, "y": 270 } ],
    "facing=north,half=top,shape=outer_right": [ { "model": "minecraft:block/mud_brick_stairs_outer", "uvlock": true, "x": 180 },
    { "model": "minecraft:block/mud_brick_stairs/mud_brick_stairs_outer1", "uvlock": true, "x": 180 },
    { "model": "minecraft:block/mud_brick_stairs/mud_brick_stairs_outer2", "uvlock": true, "x": 180 },
    { "model": "minecraft:block/mud_brick_stairs/mud_brick_stairs_outer3", "uvlock": true, "x": 180 },
    { "model": "minecraft:block/mud_brick_stairs/mud_brick_stairs_outer4", "uvlock": true, "x": 180 },
    { "model": "minecraft:block/mud_brick_stairs/mud_brick_stairs_outer5", "uvlock": true, "x": 180 },
    { "model": "minecraft:block/mud_brick_stairs/mud_brick_stairs_outer6", "uvlock": true, "x": 180 },
    { "model": "minecraft:block/mud_brick_stairs/mud_brick_stairs_outer7", "uvlock": true, "x": 180 } ],
    "facing=north,half=top,shape=straight": [ { "model": "minecraft:block/mud_brick_stairs", "uvlock": true, "x": 180, "y": 270 },
    { "model": "minecraft:block/mud_brick_stairs/mud_brick_stairs1", "uvlock": true, "x": 180, "y": 270 },
    { "model": "minecraft:block/mud_brick_stairs/mud_brick_stairs2", "uvlock": true, "x": 180, "y": 270 },
    { "model": "minecraft:block/mud_brick_stairs/mud_brick_stairs3", "uvlock": true, "x": 180, "y": 270 },
    { "model": "minecraft:block/mud_brick_stairs/mud_brick_stairs4", "uvlock": true, "x": 180, "y": 270 },
    { "model": "minecraft:block/mud_brick_stairs/mud_brick_stairs5", "uvlock": true, "x": 180, "y": 270 },
    { "model": "minecraft:block/mud_brick_stairs/mud_brick_stairs6", "uvlock": true, "x": 180, "y": 270 },
    { "model": "minecraft:block/mud_brick_stairs/mud_brick_stairs7", "uvlock": true, "x": 180, "y": 270 } ],
    "facing=south,half=bottom,shape=inner_left": [ { "model": "minecraft:block/mud_brick_stairs_inner" },
    { "model": "minecraft:block/mud_brick_stairs/mud_brick_stairs_inner1" },
    { "model": "minecraft:block/mud_brick_stairs/mud_brick_stairs_inner2" },
    { "model": "minecraft:block/mud_brick_stairs/mud_brick_stairs_inner3" },
    { "model": "minecraft:block/mud_brick_stairs/mud_brick_stairs_inner4" },
    { "model": "minecraft:block/mud_brick_stairs/mud_brick_stairs_inner5" },
    { "model": "minecraft:block/mud_brick_stairs/mud_brick_stairs_inner6" },
    { "model": "minecraft:block/mud_brick_stairs/mud_brick_stairs_inner7" } ],
    "facing=south,half=bottom,shape=inner_right": [ { "model": "minecraft:block/mud_brick_stairs_inner", "uvlock": true, "y": 90 },
    { "model": "minecraft:block/mud_brick_stairs/mud_brick_stairs_inner1", "uvlock": true, "y": 90 },
    { "model": "minecraft:block/mud_brick_stairs/mud_brick_stairs_inner2", "uvlock": true, "y": 90 },
    { "model": "minecraft:block/mud_brick_stairs/mud_brick_stairs_inner3", "uvlock": true, "y": 90 },
    { "model": "minecraft:block/mud_brick_stairs/mud_brick_stairs_inner4", "uvlock": true, "y": 90 },
    { "model": "minecraft:block/mud_brick_stairs/mud_brick_stairs_inner5", "uvlock": true, "y": 90 },
    { "model": "minecraft:block/mud_brick_stairs/mud_brick_stairs_inner6", "uvlock": true, "y": 90 },
    { "model": "minecraft:block/mud_brick_stairs/mud_brick_stairs_inner7", "uvlock": true, "y": 90 } ],
    "facing=south,half=bottom,shape=outer_left": [ { "model": "minecraft:block/mud_brick_stairs_outer" },
    { "model": "minecraft:block/mud_brick_stairs/mud_brick_stairs_outer1" },
    { "model": "minecraft:block/mud_brick_stairs/mud_brick_stairs_outer2" },
    { "model": "minecraft:block/mud_brick_stairs/mud_brick_stairs_outer3" },
    { "model": "minecraft:block/mud_brick_stairs/mud_brick_stairs_outer4" },
    { "model": "minecraft:block/mud_brick_stairs/mud_brick_stairs_outer5" },
    { "model": "minecraft:block/mud_brick_stairs/mud_brick_stairs_outer6" },
    { "model": "minecraft:block/mud_brick_stairs/mud_brick_stairs_outer7" } ],
    "facing=south,half=bottom,shape=outer_right": [ { "model": "minecraft:block/mud_brick_stairs_outer", "uvlock": true, "y": 90 },
    { "model": "minecraft:block/mud_brick_stairs/mud_brick_stairs_outer1", "uvlock": true, "y": 90 },
    { "model": "minecraft:block/mud_brick_stairs/mud_brick_stairs_outer2", "uvlock": true, "y": 90 },
    { "model": "minecraft:block/mud_brick_stairs/mud_brick_stairs_outer3", "uvlock": true, "y": 90 },
    { "model": "minecraft:block/mud_brick_stairs/mud_brick_stairs_outer4", "uvlock": true, "y": 90 },
    { "model": "minecraft:block/mud_brick_stairs/mud_brick_stairs_outer5", "uvlock": true, "y": 90 },
    { "model": "minecraft:block/mud_brick_stairs/mud_brick_stairs_outer6", "uvlock": true, "y": 90 },
    { "model": "minecraft:block/mud_brick_stairs/mud_brick_stairs_outer7", "uvlock": true, "y": 90 } ],
    "facing=south,half=bottom,shape=straight": [ { "model": "minecraft:block/mud_brick_stairs", "uvlock": true, "y": 90 },
    { "model": "minecraft:block/mud_brick_stairs/mud_brick_stairs1", "uvlock": true, "y": 90 },
    { "model": "minecraft:block/mud_brick_stairs/mud_brick_stairs2", "uvlock": true, "y": 90 },
    { "model": "minecraft:block/mud_brick_stairs/mud_brick_stairs3", "uvlock": true, "y": 90 },
    { "model": "minecraft:block/mud_brick_stairs/mud_brick_stairs4", "uvlock": true, "y": 90 },
    { "model": "minecraft:block/mud_brick_stairs/mud_brick_stairs5", "uvlock": true, "y": 90 },
    { "model": "minecraft:block/mud_brick_stairs/mud_brick_stairs6", "uvlock": true, "y": 90 },
    { "model": "minecraft:block/mud_brick_stairs/mud_brick_stairs7", "uvlock": true, "y": 90 } ],
    "facing=south,half=top,shape=inner_left": [ { "model": "minecraft:block/mud_brick_stairs_inner", "uvlock": true, "x": 180, "y": 90 },
    { "model": "minecraft:block/mud_brick_stairs/mud_brick_stairs_inner1", "uvlock": true, "x": 180, "y": 90 },
    { "model": "minecraft:block/mud_brick_stairs/mud_brick_stairs_inner2", "uvlock": true, "x": 180, "y": 90 },
    { "model": "minecraft:block/mud_brick_stairs/mud_brick_stairs_inner3", "uvlock": true, "x": 180, "y": 90 },
    { "model": "minecraft:block/mud_brick_stairs/mud_brick_stairs_inner4", "uvlock": true, "x": 180, "y": 90 },
    { "model": "minecraft:block/mud_brick_stairs/mud_brick_stairs_inner5", "uvlock": true, "x": 180, "y": 90 },
    { "model": "minecraft:block/mud_brick_stairs/mud_brick_stairs_inner6", "uvlock": true, "x": 180, "y": 90 },
    { "model": "minecraft:block/mud_brick_stairs/mud_brick_stairs_inner7", "uvlock": true, "x": 180, "y": 90 } ],
    "facing=south,half=top,shape=inner_right": [ { "model": "minecraft:block/mud_brick_stairs_inner", "uvlock": true, "x": 180, "y": 180 },
    { "model": "minecraft:block/mud_brick_stairs/mud_brick_stairs_inner1", "uvlock": true, "x": 180, "y": 180 },
    { "model": "minecraft:block/mud_brick_stairs/mud_brick_stairs_inner2", "uvlock": true, "x": 180, "y": 180 },
    { "model": "minecraft:block/mud_brick_stairs/mud_brick_stairs_inner3", "uvlock": true, "x": 180, "y": 180 },
    { "model": "minecraft:block/mud_brick_stairs/mud_brick_stairs_inner4", "uvlock": true, "x": 180, "y": 180 },
    { "model": "minecraft:block/mud_brick_stairs/mud_brick_stairs_inner5", "uvlock": true, "x": 180, "y": 180 },
    { "model": "minecraft:block/mud_brick_stairs/mud_brick_stairs_inner6", "uvlock": true, "x": 180, "y": 180 },
    { "model": "minecraft:block/mud_brick_stairs/mud_brick_stairs_inner7", "uvlock": true, "x": 180, "y": 180 } ],
    "facing=south,half=top,shape=outer_left": [ { "model": "minecraft:block/mud_brick_stairs_outer", "uvlock": true, "x": 180, "y": 90 },
    { "model": "minecraft:block/mud_brick_stairs/mud_brick_stairs_outer1", "uvlock": true, "x": 180, "y": 90 },
    { "model": "minecraft:block/mud_brick_stairs/mud_brick_stairs_outer2", "uvlock": true, "x": 180, "y": 90 },
    { "model": "minecraft:block/mud_brick_stairs/mud_brick_stairs_outer3", "uvlock": true, "x": 180, "y": 90 },
    { "model": "minecraft:block/mud_brick_stairs/mud_brick_stairs_outer4", "uvlock": true, "x": 180, "y": 90 },
    { "model": "minecraft:block/mud_brick_stairs/mud_brick_stairs_outer5", "uvlock": true, "x": 180, "y": 90 },
    { "model": "minecraft:block/mud_brick_stairs/mud_brick_stairs_outer6", "uvlock": true, "x": 180, "y": 90 },
    { "model": "minecraft:block/mud_brick_stairs/mud_brick_stairs_outer7", "uvlock": true, "x": 180, "y": 90 } ],
    "facing=south,half=top,shape=outer_right": [ { "model": "minecraft:block/mud_brick_stairs_outer", "uvlock": true, "x": 180, "y": 180 },
    { "model": "minecraft:block/mud_brick_stairs/mud_brick_stairs_outer1", "uvlock": true, "x": 180, "y": 180 },
    { "model": "minecraft:block/mud_brick_stairs/mud_brick_stairs_outer2", "uvlock": true, "x": 180, "y": 180 },
    { "model": "minecraft:block/mud_brick_stairs/mud_brick_stairs_outer3", "uvlock": true, "x": 180, "y": 180 },
    { "model": "minecraft:block/mud_brick_stairs/mud_brick_stairs_outer4", "uvlock": true, "x": 180, "y": 180 },
    { "model": "minecraft:block/mud_brick_stairs/mud_brick_stairs_outer5", "uvlock": true, "x": 180, "y": 180 },
    { "model": "minecraft:block/mud_brick_stairs/mud_brick_stairs_outer6", "uvlock": true, "x": 180, "y": 180 },
    { "model": "minecraft:block/mud_brick_stairs/mud_brick_stairs_outer7", "uvlock": true, "x": 180, "y": 180 } ],
    "facing=south,half=top,shape=straight": [ { "model": "minecraft:block/mud_brick_stairs", "uvlock": true, "x": 180, "y": 90 },
    { "model": "minecraft:block/mud_brick_stairs/mud_brick_stairs1", "uvlock": true, "x": 180, "y": 90 },
    { "model": "minecraft:block/mud_brick_stairs/mud_brick_stairs2", "uvlock": true, "x": 180, "y": 90 },
    { "model": "minecraft:block/mud_brick_stairs/mud_brick_stairs3", "uvlock": true, "x": 180, "y": 90 },
    { "model": "minecraft:block/mud_brick_stairs/mud_brick_stairs4", "uvlock": true, "x": 180, "y": 90 },
    { "model": "minecraft:block/mud_brick_stairs/mud_brick_stairs5", "uvlock": true, "x": 180, "y": 90 },
    { "model": "minecraft:block/mud_brick_stairs/mud_brick_stairs6", "uvlock": true, "x": 180, "y": 90 },
    { "model": "minecraft:block/mud_brick_stairs/mud_brick_stairs7", "uvlock": true, "x": 180, "y": 90 } ],
    "facing=west,half=bottom,shape=inner_left": [ { "model": "minecraft:block/mud_brick_stairs_inner", "uvlock": true, "y": 90 },
    { "model": "minecraft:block/mud_brick_stairs/mud_brick_stairs_inner1", "uvlock": true, "y": 90 },
    { "model": "minecraft:block/mud_brick_stairs/mud_brick_stairs_inner2", "uvlock": true, "y": 90 },
    { "model": "minecraft:block/mud_brick_stairs/mud_brick_stairs_inner3", "uvlock": true, "y": 90 },
    { "model": "minecraft:block/mud_brick_stairs/mud_brick_stairs_inner4", "uvlock": true, "y": 90 },
    { "model": "minecraft:block/mud_brick_stairs/mud_brick_stairs_inner5", "uvlock": true, "y": 90 },
    { "model": "minecraft:block/mud_brick_stairs/mud_brick_stairs_inner6", "uvlock": true, "y": 90 },
    { "model": "minecraft:block/mud_brick_stairs/mud_brick_stairs_inner7", "uvlock": true, "y": 90 } ],
    "facing=west,half=bottom,shape=inner_right": [ { "model": "minecraft:block/mud_brick_stairs_inner", "uvlock": true, "y": 180 },
    { "model": "minecraft:block/mud_brick_stairs/mud_brick_stairs_inner1", "uvlock": true, "y": 180 },
    { "model": "minecraft:block/mud_brick_stairs/mud_brick_stairs_inner2", "uvlock": true, "y": 180 },
    { "model": "minecraft:block/mud_brick_stairs/mud_brick_stairs_inner3", "uvlock": true, "y": 180 },
    { "model": "minecraft:block/mud_brick_stairs/mud_brick_stairs_inner4", "uvlock": true, "y": 180 },
    { "model": "minecraft:block/mud_brick_stairs/mud_brick_stairs_inner5", "uvlock": true, "y": 180 },
    { "model": "minecraft:block/mud_brick_stairs/mud_brick_stairs_inner6", "uvlock": true, "y": 180 },
    { "model": "minecraft:block/mud_brick_stairs/mud_brick_stairs_inner7", "uvlock": true, "y": 180 } ],
    "facing=west,half=bottom,shape=outer_left": [ { "model": "minecraft:block/mud_brick_stairs_outer", "uvlock": true, "y": 90 },
    { "model": "minecraft:block/mud_brick_stairs/mud_brick_stairs_outer1", "uvlock": true, "y": 90 },
    { "model": "minecraft:block/mud_brick_stairs/mud_brick_stairs_outer2", "uvlock": true, "y": 90 },
    { "model": "minecraft:block/mud_brick_stairs/mud_brick_stairs_outer3", "uvlock": true, "y": 90 },
    { "model": "minecraft:block/mud_brick_stairs/mud_brick_stairs_outer4", "uvlock": true, "y": 90 },
    { "model": "minecraft:block/mud_brick_stairs/mud_brick_stairs_outer5", "uvlock": true, "y": 90 },
    { "model": "minecraft:block/mud_brick_stairs/mud_brick_stairs_outer6", "uvlock": true, "y": 90 },
    { "model": "minecraft:block/mud_brick_stairs/mud_brick_stairs_outer7", "uvlock": true, "y": 90 } ],
    "facing=west,half=bottom,shape=outer_right": [ { "model": "minecraft:block/mud_brick_stairs_outer", "uvlock": true, "y": 180 },
    { "model": "minecraft:block/mud_brick_stairs/mud_brick_stairs_outer1", "uvlock": true, "y": 180 },
    { "model": "minecraft:block/mud_brick_stairs/mud_brick_stairs_outer2", "uvlock": true, "y": 180 },
    { "model": "minecraft:block/mud_brick_stairs/mud_brick_stairs_outer3", "uvlock": true, "y": 180 },
    { "model": "minecraft:block/mud_brick_stairs/mud_brick_stairs_outer4", "uvlock": true, "y": 180 },
    { "model": "minecraft:block/mud_brick_stairs/mud_brick_stairs_outer5", "uvlock": true, "y": 180 },
    { "model": "minecraft:block/mud_brick_stairs/mud_brick_stairs_outer6", "uvlock": true, "y": 180 },
    { "model": "minecraft:block/mud_brick_stairs/mud_brick_stairs_outer7", "uvlock": true, "y": 180 } ],
    "facing=west,half=bottom,shape=straight": [ { "model": "minecraft:block/mud_brick_stairs", "uvlock": true, "y": 180 },
    { "model": "minecraft:block/mud_brick_stairs/mud_brick_stairs1", "uvlock": true, "y": 180 },
    { "model": "minecraft:block/mud_brick_stairs/mud_brick_stairs2", "uvlock": true, "y": 180 },
    { "model": "minecraft:block/mud_brick_stairs/mud_brick_stairs3", "uvlock": true, "y": 180 },
    { "model": "minecraft:block/mud_brick_stairs/mud_brick_stairs4", "uvlock": true, "y": 180 },
    { "model": "minecraft:block/mud_brick_stairs/mud_brick_stairs5", "uvlock": true, "y": 180 },
    { "model": "minecraft:block/mud_brick_stairs/mud_brick_stairs6", "uvlock": true, "y": 180 },
    { "model": "minecraft:block/mud_brick_stairs/mud_brick_stairs7", "uvlock": true, "y": 180 } ],
    "facing=west,half=top,shape=inner_left": [ { "model": "minecraft:block/mud_brick_stairs_inner", "uvlock": true, "x": 180, "y": 180 },
    { "model": "minecraft:block/mud_brick_stairs/mud_brick_stairs_inner1", "uvlock": true, "x": 180, "y": 180 },
    { "model": "minecraft:block/mud_brick_stairs/mud_brick_stairs_inner2", "uvlock": true, "x": 180, "y": 180 },
    { "model": "minecraft:block/mud_brick_stairs/mud_brick_stairs_inner3", "uvlock": true, "x": 180, "y": 180 },
    { "model": "minecraft:block/mud_brick_stairs/mud_brick_stairs_inner4", "uvlock": true, "x": 180, "y": 180 },
    { "model": "minecraft:block/mud_brick_stairs/mud_brick_stairs_inner5", "uvlock": true, "x": 180, "y": 180 },
    { "model": "minecraft:block/mud_brick_stairs/mud_brick_stairs_inner6", "uvlock": true, "x": 180, "y": 180 },
    { "model": "minecraft:block/mud_brick_stairs/mud_brick_stairs_inner7", "uvlock": true, "x": 180, "y": 180 } ],
    "facing=west,half=top,shape=inner_right": [ { "model": "minecraft:block/mud_brick_stairs_inner", "uvlock": true, "x": 180, "y": 270 },
    { "model": "minecraft:block/mud_brick_stairs/mud_brick_stairs_inner1", "uvlock": true, "x": 180, "y": 270 },
    { "model": "minecraft:block/mud_brick_stairs/mud_brick_stairs_inner2", "uvlock": true, "x": 180, "y": 270 },
    { "model": "minecraft:block/mud_brick_stairs/mud_brick_stairs_inner3", "uvlock": true, "x": 180, "y": 270 },
    { "model": "minecraft:block/mud_brick_stairs/mud_brick_stairs_inner4", "uvlock": true, "x": 180, "y": 270 },
    { "model": "minecraft:block/mud_brick_stairs/mud_brick_stairs_inner5", "uvlock": true, "x": 180, "y": 270 },
    { "model": "minecraft:block/mud_brick_stairs/mud_brick_stairs_inner6", "uvlock": true, "x": 180, "y": 270 },
    { "model": "minecraft:block/mud_brick_stairs/mud_brick_stairs_inner7", "uvlock": true, "x": 180, "y": 270 } ],
    "facing=west,half=top,shape=outer_left": [ { "model": "minecraft:block/mud_brick_stairs_outer", "uvlock": true, "x": 180, "y": 180 },
    { "model": "minecraft:block/mud_brick_stairs/mud_brick_stairs_outer1", "uvlock": true, "x": 180, "y": 180 },
    { "model": "minecraft:block/mud_brick_stairs/mud_brick_stairs_outer2", "uvlock": true, "x": 180, "y": 180 },
    { "model": "minecraft:block/mud_brick_stairs/mud_brick_stairs_outer3", "uvlock": true, "x": 180, "y": 180 },
    { "model": "minecraft:block/mud_brick_stairs/mud_brick_stairs_outer4", "uvlock": true, "x": 180, "y": 180 },
    { "model": "minecraft:block/mud_brick_stairs/mud_brick_stairs_outer5", "uvlock": true, "x": 180, "y": 180 },
    { "model": "minecraft:block/mud_brick_stairs/mud_brick_stairs_outer6", "uvlock": true, "x": 180, "y": 180 },
    { "model": "minecraft:block/mud_brick_stairs/mud_brick_stairs_outer7", "uvlock": true, "x": 180, "y": 180 } ],
    "facing=west,half=top,shape=outer_right": [ { "model": "minecraft:block/mud_brick_stairs_outer", "uvlock": true, "x": 180, "y": 270 },
    { "model": "minecraft:block/mud_brick_stairs/mud_brick_stairs_outer1", "uvlock": true, "x": 180, "y": 270 },
    { "model": "minecraft:block/mud_brick_stairs/mud_brick_stairs_outer2", "uvlock": true, "x": 180, "y": 270 },
    { "model": "minecraft:block/mud_brick_stairs/mud_brick_stairs_outer3", "uvlock": true, "x": 180, "y": 270 },
    { "model": "minecraft:block/mud_brick_stairs/mud_brick_stairs_outer4", "uvlock": true, "x": 180, "y": 270 },
    { "model": "minecraft:block/mud_brick_stairs/mud_brick_stairs_outer5", "uvlock": true, "x": 180, "y": 270 },
    { "model": "minecraft:block/mud_brick_stairs/mud_brick_stairs_outer6", "uvlock": true, "x": 180, "y": 270 },
    { "model": "minecraft:block/mud_brick_stairs/mud_brick_stairs_outer7", "uvlock": true, "x": 180, "y": 270 } ],
    "facing=west,half=top,shape=straight": [ { "model": "minecraft:block/mud_brick_stairs", "uvlock": true, "x": 180, "y": 180 },
    { "model": "minecraft:block/mud_brick_stairs/mud_brick_stairs1", "uvlock": true, "x": 180, "y": 180 },
    { "model": "minecraft:block/mud_brick_stairs/mud_brick_stairs2", "uvlock": true, "x": 180, "y": 180 },
    { "model": "minecraft:block/mud_brick_stairs/mud_brick_stairs3", "uvlock": true, "x": 180, "y": 180 },
    { "model": "minecraft:block/mud_brick_stairs/mud_brick_stairs4", "uvlock": true, "x": 180, "y": 180 },
    { "model": "minecraft:block/mud_brick_stairs/mud_brick_stairs5", "uvlock": true, "x": 180, "y": 180 },
    { "model": "minecraft:block/mud_brick_stairs/mud_brick_stairs6", "uvlock": true, "x": 180, "y": 180 },
    { "model": "minecraft:block/mud_brick_stairs/mud_brick_stairs7", "uvlock": true, "x": 180, "y": 180 } ]
  }
}